,superficie_sembrada_ha_centeno_Calamuchita_Córdoba,superficie_sembrada_ha_centeno_General Roca_Córdoba,superficie_sembrada_ha_centeno_Juárez Celman_Córdoba,superficie_sembrada_ha_centeno_Marcos Juárez_Córdoba,superficie_sembrada_ha_centeno_Río Cuarto_Córdoba,superficie_sembrada_ha_centeno_Río Primero_Córdoba,superficie_sembrada_ha_centeno_Río Segundo_Córdoba,superficie_sembrada_ha_centeno_San Justo_Córdoba,superficie_sembrada_ha_centeno_Santa María_Córdoba,superficie_sembrada_ha_centeno_Tercero Abajo_Córdoba,superficie_sembrada_ha_centeno_Tercero Arriba_Córdoba,superficie_sembrada_ha_centeno_Unión_Córdoba,superficie_sembrada_ha_centeno_otros departamentos_Córdoba,superficie_sembrada_ha_centeno_General San Martín_Córdoba,superficie_sembrada_ha_centeno_Capital_Córdoba,superficie_sembrada_ha_centeno_Colón_Córdoba,superficie_sembrada_ha_centeno_Ischilín_Córdoba,superficie_sembrada_ha_centeno_Río Seco_Córdoba,superficie_sembrada_ha_centeno_Totoral_Córdoba,superficie_sembrada_ha_centeno_Tulumba_Córdoba,superficie_sembrada_ha_centeno_Cruz del Eje_Córdoba,superficie_sembrada_ha_centeno_General Belgrano_Córdoba,superficie_sembrada_ha_centeno_Minas_Córdoba,superficie_sembrada_ha_centeno_Pocho_Córdoba,superficie_sembrada_ha_centeno_Punilla_Córdoba,superficie_sembrada_ha_centeno_San Alberto_Córdoba,superficie_sembrada_ha_centeno_San Javier_Córdoba,superficie_sembrada_ha_centeno_Sobremonte_Córdoba,superficie_sembrada_ha_centeno_Presidente Roque Sáenz Peña_Córdoba,superficie_cosechada_ha_centeno_Calamuchita_Córdoba,superficie_cosechada_ha_centeno_General Roca_Córdoba,superficie_cosechada_ha_centeno_Juárez Celman_Córdoba,superficie_cosechada_ha_centeno_Marcos Juárez_Córdoba,superficie_cosechada_ha_centeno_Río Cuarto_Córdoba,superficie_cosechada_ha_centeno_Río Primero_Córdoba,superficie_cosechada_ha_centeno_Río Segundo_Córdoba,superficie_cosechada_ha_centeno_San Justo_Córdoba,superficie_cosechada_ha_centeno_Santa María_Córdoba,superficie_cosechada_ha_centeno_Tercero Abajo_Córdoba,superficie_cosechada_ha_centeno_Tercero Arriba_Córdoba,superficie_cosechada_ha_centeno_Unión_Córdoba,superficie_cosechada_ha_centeno_otros departamentos_Córdoba,superficie_cosechada_ha_centeno_General San Martín_Córdoba,superficie_cosechada_ha_centeno_Capital_Córdoba,superficie_cosechada_ha_centeno_Colón_Córdoba,superficie_cosechada_ha_centeno_Ischilín_Córdoba,superficie_cosechada_ha_centeno_Río Seco_Córdoba,superficie_cosechada_ha_centeno_Totoral_Córdoba,superficie_cosechada_ha_centeno_Tulumba_Córdoba,superficie_cosechada_ha_centeno_Cruz del Eje_Córdoba,superficie_cosechada_ha_centeno_General Belgrano_Córdoba,superficie_cosechada_ha_centeno_Minas_Córdoba,superficie_cosechada_ha_centeno_Pocho_Córdoba,superficie_cosechada_ha_centeno_Punilla_Córdoba,superficie_cosechada_ha_centeno_San Alberto_Córdoba,superficie_cosechada_ha_centeno_San Javier_Córdoba,superficie_cosechada_ha_centeno_Sobremonte_Córdoba,superficie_cosechada_ha_centeno_Presidente Roque Sáenz Peña_Córdoba,produccion_tm_centeno_Calamuchita_Córdoba,produccion_tm_centeno_General Roca_Córdoba,produccion_tm_centeno_Juárez Celman_Córdoba,produccion_tm_centeno_Marcos Juárez_Córdoba,produccion_tm_centeno_Río Cuarto_Córdoba,produccion_tm_centeno_Río Primero_Córdoba,produccion_tm_centeno_Río Segundo_Córdoba,produccion_tm_centeno_San Justo_Córdoba,produccion_tm_centeno_Santa María_Córdoba,produccion_tm_centeno_Tercero Abajo_Córdoba,produccion_tm_centeno_Tercero Arriba_Córdoba,produccion_tm_centeno_Unión_Córdoba,produccion_tm_centeno_otros departamentos_Córdoba,produccion_tm_centeno_General San Martín_Córdoba,produccion_tm_centeno_Capital_Córdoba,produccion_tm_centeno_Colón_Córdoba,produccion_tm_centeno_Ischilín_Córdoba,produccion_tm_centeno_Río Seco_Córdoba,produccion_tm_centeno_Totoral_Córdoba,produccion_tm_centeno_Tulumba_Córdoba,produccion_tm_centeno_Cruz del Eje_Córdoba,produccion_tm_centeno_General Belgrano_Córdoba,produccion_tm_centeno_Minas_Córdoba,produccion_tm_centeno_Pocho_Córdoba,produccion_tm_centeno_Punilla_Córdoba,produccion_tm_centeno_San Alberto_Córdoba,produccion_tm_centeno_San Javier_Córdoba,produccion_tm_centeno_Sobremonte_Córdoba,produccion_tm_centeno_Presidente Roque Sáenz Peña_Córdoba,rendimiento_kgxha_centeno_Calamuchita_Córdoba,rendimiento_kgxha_centeno_General Roca_Córdoba,rendimiento_kgxha_centeno_Juárez Celman_Córdoba,rendimiento_kgxha_centeno_Marcos Juárez_Córdoba,rendimiento_kgxha_centeno_Río Cuarto_Córdoba,rendimiento_kgxha_centeno_Río Primero_Córdoba,rendimiento_kgxha_centeno_Río Segundo_Córdoba,rendimiento_kgxha_centeno_San Justo_Córdoba,rendimiento_kgxha_centeno_Santa María_Córdoba,rendimiento_kgxha_centeno_Tercero Abajo_Córdoba,rendimiento_kgxha_centeno_Tercero Arriba_Córdoba,rendimiento_kgxha_centeno_Unión_Córdoba,rendimiento_kgxha_centeno_otros departamentos_Córdoba,rendimiento_kgxha_centeno_General San Martín_Córdoba,rendimiento_kgxha_centeno_Capital_Córdoba,rendimiento_kgxha_centeno_Colón_Córdoba,rendimiento_kgxha_centeno_Ischilín_Córdoba,rendimiento_kgxha_centeno_Río Seco_Córdoba,rendimiento_kgxha_centeno_Totoral_Córdoba,rendimiento_kgxha_centeno_Tulumba_Córdoba,rendimiento_kgxha_centeno_Cruz del Eje_Córdoba,rendimiento_kgxha_centeno_General Belgrano_Córdoba,rendimiento_kgxha_centeno_Minas_Córdoba,rendimiento_kgxha_centeno_Pocho_Córdoba,rendimiento_kgxha_centeno_Punilla_Córdoba,rendimiento_kgxha_centeno_San Alberto_Córdoba,rendimiento_kgxha_centeno_San Javier_Córdoba,rendimiento_kgxha_centeno_Sobremonte_Córdoba,rendimiento_kgxha_centeno_Presidente Roque Sáenz Peña_Córdoba
1923-01-01,400.0,4600.0,4650.0,650.0,6200.0,200.0,700.0,3100.0,200.0,1400.0,1600.0,2600.0,100.0,,,,,,,,,,,,,,,,,360.0,4550.0,4630.0,630.0,6060.0,190.0,690.0,3060.0,0.0,1400.0,1500.0,2540.0,61.0,,,,,,,,,,,,,,,,,288.0,2593.0,3287.0,403.0,4363.0,80.0,290.0,2417.0,0.0,938.0,765.0,1346.0,45.0,,,,,,,,,,,,,,,,,800.0,570.0,710.0,640.0,720.0,420.0,420.0,790.0,0.0,670.0,510.0,530.0,730.0,,,,,,,,,,,,,,,,
1924-01-01,350.0,6500.0,4500.0,1000.0,10600.0,600.0,700.0,3700.0,350.0,,1500.0,2600.0,,1100.0,,,,,,,,,,,,,,,,140.0,2700.0,1250.0,400.0,4200.0,180.0,280.0,1750.0,90.0,,600.0,780.0,,200.0,,,,,,,,,,,,,,,,71.0,621.0,608.0,212.0,1638.0,56.0,98.0,685.0,36.0,,324.0,266.0,,75.0,,,,,,,,,,,,,,,,510.0,230.0,500.0,530.0,390.0,310.0,350.0,390.0,400.0,,540.0,340.0,,370.0,,,,,,,,,,,,,,,
1925-01-01,800.0,3000.0,5000.0,1200.0,5000.0,700.0,800.0,4100.0,350.0,1800.0,1700.0,3000.0,700.0,,,,,,,,,,,,,,,,,480.0,1800.0,3000.0,720.0,3000.0,350.0,400.0,2050.0,175.0,1080.0,1020.0,1800.0,350.0,,,,,,,,,,,,,,,,,360.0,1260.0,2100.0,540.0,2100.0,280.0,320.0,1640.0,140.0,810.0,765.0,1350.0,280.0,,,,,,,,,,,,,,,,,750.0,700.0,700.0,750.0,700.0,800.0,800.0,800.0,800.0,750.0,750.0,750.0,800.0,,,,,,,,,,,,,,,,
1926-01-01,1000.0,7000.0,6000.0,2100.0,12000.0,300.0,1700.0,5100.0,500.0,3000.0,900.0,5000.0,,,50.0,100.0,50.0,100.0,50.0,50.0,,,,,,,,,,1000.0,6500.0,5500.0,2000.0,11000.0,300.0,1635.0,4800.0,500.0,2950.0,900.0,4800.0,,,50.0,100.0,50.0,100.0,50.0,50.0,,,,,,,,,,680.0,3140.0,4290.0,1500.0,8690.0,189.0,1177.0,3413.0,300.0,1918.0,442.0,3600.0,,,35.0,93.0,25.0,52.0,30.0,26.0,,,,,,,,,,680.0,483.0,780.0,750.0,790.0,630.0,720.0,711.0,600.0,650.0,491.0,750.0,,,700.0,930.0,500.0,520.0,600.0,520.0,,,,,,,,,
1927-01-01,900.0,10400.0,9500.0,1500.0,23000.0,500.0,2100.0,3310.0,350.0,2000.0,2000.0,3200.0,,,50.0,100.0,50.0,50.0,190.0,100.0,,,,,,,,,,900.0,8100.0,9000.0,1400.0,22000.0,400.0,2000.0,3000.0,300.0,1600.0,1900.0,3100.0,,,20.0,40.0,20.0,20.0,140.0,60.0,,,,,,,,,,675.0,5265.0,6300.0,1120.0,18700.0,388.0,1640.0,2460.0,207.0,1008.0,1368.0,1922.0,,,18.0,34.0,18.0,18.0,126.0,57.0,,,,,,,,,,750.0,650.0,700.0,800.0,850.0,970.0,820.0,820.0,690.0,630.0,720.0,620.0,,,900.0,850.0,900.0,900.0,900.0,950.0,,,,,,,,,
1928-01-01,1400.0,32000.0,8500.0,2000.0,14000.0,1200.0,1200.0,5500.0,450.0,2000.0,2000.0,3500.0,,,100.0,100.0,100.0,100.0,400.0,200.0,50.0,,,,,,,,,1300.0,28800.0,8100.0,1500.0,12800.0,800.0,800.0,4300.0,310.0,1500.0,1500.0,2500.0,,,75.0,75.0,75.0,75.0,290.0,150.0,50.0,,,,,,,,,885.0,20160.0,6075.0,1440.0,10880.0,720.0,720.0,3805.0,279.0,1280.0,1280.0,2500.0,,,67.0,60.0,60.0,60.0,249.0,135.0,45.0,,,,,,,,,681.0,700.0,750.0,960.0,850.0,900.0,900.0,885.0,900.0,853.0,853.0,1000.0,,,900.0,800.0,800.0,800.0,860.0,900.0,900.0,,,,,,,,
1929-01-01,980.0,30400.0,6800.0,2000.0,11200.0,1140.0,1116.0,5000.0,428.0,1800.0,1700.0,3500.0,,,106.0,105.0,105.0,100.0,420.0,200.0,50.0,,,,,,,,,980.0,15200.0,3400.0,300.0,5600.0,57.0,56.0,250.0,22.0,300.0,200.0,100.0,,,6.0,6.0,6.0,5.0,21.0,10.0,50.0,,,,,,,,,549.0,8968.0,1870.0,240.0,2968.0,23.0,22.0,100.0,9.0,210.0,140.0,50.0,,,2.0,2.0,2.0,2.0,6.0,3.0,20.0,,,,,,,,,560.0,590.0,550.0,800.0,530.0,400.0,400.0,400.0,400.0,700.0,700.0,500.0,,,400.0,400.0,400.0,400.0,300.0,300.0,400.0,,,,,,,,
1930-01-01,980.0,35570.0,7480.0,2200.0,12100.0,1300.0,1295.0,5300.0,480.0,1800.0,2100.0,3800.0,,,200.0,200.0,105.0,100.0,420.0,250.0,50.0,,,,,,,,,980.0,2670.0,2245.0,1540.0,2410.0,1000.0,1000.0,5000.0,400.0,1260.0,1470.0,2660.0,,,150.0,100.0,50.0,50.0,300.0,100.0,50.0,,,,,,,,,784.0,2670.0,2245.0,1355.0,2531.0,600.0,550.0,2900.0,200.0,1071.0,1205.0,2394.0,,,82.0,48.0,29.0,27.0,165.0,50.0,30.0,,,,,,,,,800.0,1000.0,1000.0,880.0,1050.0,600.0,550.0,580.0,500.0,850.0,820.0,900.0,,,550.0,480.0,580.0,550.0,550.0,500.0,600.0,,,,,,,,
1931-01-01,980.0,33000.0,8300.0,2700.0,12500.0,2000.0,2000.0,8000.0,600.0,1600.0,2500.0,4100.0,,,200.0,200.0,100.0,100.0,500.0,250.0,50.0,,,,,,,,,650.0,21800.0,6980.0,2050.0,11350.0,1500.0,1900.0,7540.0,400.0,1250.0,1900.0,3300.0,,,150.0,150.0,50.0,30.0,400.0,50.0,30.0,,,,,,,,,325.0,11825.0,5235.0,1537.0,8512.0,900.0,1235.0,4901.0,320.0,1000.0,1292.0,2145.0,,,135.0,105.0,40.0,12.0,240.0,25.0,18.0,,,,,,,,,500.0,542.0,750.0,750.0,750.0,600.0,650.0,650.0,800.0,800.0,680.0,650.0,,,900.0,700.0,800.0,400.0,600.0,500.0,600.0,,,,,,,,
1932-01-01,1000.0,33000.0,9100.0,3300.0,13700.0,1200.0,1140.0,4580.0,380.0,1700.0,3000.0,4500.0,,,160.0,160.0,80.0,80.0,340.0,160.0,40.0,,,,,,,,,400.0,12000.0,3500.0,2000.0,6100.0,600.0,500.0,2330.0,200.0,1000.0,2000.0,3000.0,,,60.0,40.0,20.0,30.0,140.0,60.0,20.0,,,,,,,,,252.0,7680.0,2345.0,1700.0,4026.0,441.0,425.0,1911.0,132.0,900.0,1900.0,2700.0,,,39.0,26.0,11.0,16.0,77.0,33.0,11.0,,,,,,,,,630.0,640.0,670.0,850.0,660.0,735.0,850.0,820.0,660.0,900.0,950.0,900.0,,,650.0,650.0,550.0,530.0,550.0,550.0,550.0,,,,,,,,
1933-01-01,1000.0,33000.0,10000.0,4800.0,15000.0,520.0,520.0,2000.0,160.0,2000.0,3200.0,7000.0,,,80.0,80.0,40.0,40.0,160.0,80.0,40.0,,,,,,,,,230.0,7820.0,2300.0,1100.0,3450.0,270.0,270.0,1060.0,80.0,460.0,740.0,1600.0,,,40.0,40.0,20.0,20.0,60.0,40.0,20.0,,,,,,,,,184.0,5474.0,1840.0,1100.0,2587.0,162.0,162.0,636.0,48.0,437.0,703.0,1600.0,,,27.0,27.0,12.0,12.0,30.0,24.0,12.0,,,,,,,,,800.0,700.0,800.0,1000.0,750.0,600.0,600.0,600.0,600.0,950.0,950.0,1000.0,,,680.0,680.0,600.0,600.0,500.0,600.0,600.0,,,,,,,,
1934-01-01,1000.0,39600.0,10000.0,5200.0,20000.0,1560.0,1480.0,5950.0,490.0,2300.0,3500.0,7500.0,,,210.0,210.0,100.0,100.0,440.0,220.0,50.0,,,,,,,,,650.0,19800.0,5000.0,4420.0,10000.0,310.0,300.0,1180.0,90.0,2070.0,3150.0,6375.0,,,50.0,50.0,20.0,20.0,55.0,50.0,10.0,,,,,,,,,455.0,13860.0,4000.0,4862.0,7200.0,279.0,300.0,1062.0,81.0,2277.0,3150.0,6694.0,,,45.0,45.0,16.0,16.0,44.0,40.0,8.0,,,,,,,,,700.0,700.0,800.0,1100.0,720.0,900.0,1000.0,900.0,900.0,1100.0,1000.0,1050.0,,,900.0,900.0,800.0,800.0,800.0,800.0,800.0,,,,,,,,
1935-01-01,300.0,40000.0,6000.0,2300.0,12000.0,1550.0,1430.0,5800.0,490.0,1000.0,1700.0,3100.0,,,210.0,210.0,100.0,100.0,440.0,220.0,50.0,,,,,,,,,120.0,20000.0,3000.0,900.0,5200.0,232.0,215.0,870.0,74.0,500.0,740.0,1100.0,,,31.0,31.0,15.0,15.0,66.0,33.0,8.0,,,,,,,,,97.0,16000.0,2250.0,720.0,3744.0,190.0,170.0,696.0,59.0,395.0,607.0,869.0,,,25.0,26.0,12.0,12.0,54.0,28.0,6.0,,,,,,,,,810.0,800.0,750.0,800.0,720.0,820.0,790.0,800.0,800.0,790.0,820.0,790.0,,,800.0,850.0,800.0,800.0,820.0,850.0,800.0,,,,,,,,
1936-01-01,1700.0,100000.0,50000.0,9000.0,70000.0,6000.0,7000.0,10000.0,600.0,,,20000.0,,7000.0,300.0,600.0,400.0,70.0,600.0,300.0,10.0,9000.0,50.0,60.0,200.0,30.0,70.0,200.0,,350.0,15000.0,27000.0,3000.0,30000.0,2000.0,3500.0,6000.0,200.0,,,10000.0,,5000.0,10.0,400.0,10.0,30.0,200.0,20.0,0.0,6000.0,20.0,20.0,0.0,10.0,20.0,20.0,,189.0,3450.0,14310.0,2040.0,25500.0,520.0,3570.0,6000.0,160.0,,,6300.0,,2800.0,10.0,148.0,5.0,9.0,86.0,20.0,0.0,7800.0,11.0,10.0,0.0,2.0,16.0,14.0,,540.0,230.0,530.0,680.0,850.0,260.0,1020.0,1000.0,800.0,,,630.0,,560.0,1000.0,370.0,500.0,300.0,430.0,1000.0,0.0,1300.0,550.0,500.0,0.0,200.0,200.0,700.0,
1937-01-01,3400.0,70000.0,30000.0,6300.0,50000.0,2100.0,8300.0,11500.0,1000.0,8500.0,11700.0,16000.0,,,100.0,580.0,380.0,280.0,660.0,500.0,25.0,,40.0,150.0,25.0,220.0,100.0,30.0,1500.0,1100.0,10200.0,16000.0,3100.0,22800.0,1100.0,3000.0,5000.0,100.0,5000.0,4600.0,8300.0,,,0.0,10.0,10.0,150.0,250.0,10.0,0.0,,5.0,10.0,10.0,10.0,45.0,5.0,600.0,704.0,2142.0,12800.0,2480.0,10260.0,385.0,900.0,1100.0,40.0,1850.0,1518.0,4648.0,,,0.0,3.0,3.0,37.0,87.0,1.0,0.0,,1.0,5.0,7.0,3.0,18.0,2.0,210.0,640.0,210.0,800.0,800.0,450.0,350.0,300.0,220.0,400.0,370.0,330.0,560.0,,,0.0,350.0,300.0,250.0,350.0,150.0,0.0,,200.0,500.0,700.0,300.0,410.0,500.0,350.0
1938-01-01,1000.0,51100.0,21100.0,6000.0,42000.0,1500.0,7500.0,10000.0,450.0,8000.0,10000.0,12000.0,,,100.0,400.0,200.0,150.0,500.0,300.0,100.0,,50.0,50.0,200.0,400.0,1000.0,,25800.0,850.0,30000.0,17000.0,4000.0,34000.0,700.0,5000.0,9000.0,300.0,5000.0,6500.0,10000.0,,,50.0,100.0,20.0,30.0,100.0,30.0,15.0,,10.0,20.0,30.0,100.0,400.0,,10800.0,357.0,18000.0,14350.0,4400.0,25500.0,280.0,3300.0,6300.0,180.0,3500.0,4030.0,7500.0,,,40.0,20.0,6.0,9.0,50.0,6.0,5.0,,3.0,10.0,10.0,30.0,120.0,,7884.0,420.0,600.0,844.0,1100.0,750.0,400.0,660.0,700.0,600.0,700.0,620.0,750.0,,,800.0,200.0,300.0,300.0,500.0,200.0,333.0,,300.0,500.0,333.0,300.0,300.0,,730.0
1939-01-01,1567.0,40000.0,23000.0,10300.0,40000.0,1650.0,8000.0,12300.0,1600.0,10800.0,11500.0,14500.0,,,33.0,740.0,400.0,200.0,500.0,400.0,100.0,,50.0,100.0,200.0,440.0,1100.0,50.0,32000.0,828.0,32000.0,11500.0,2714.0,30000.0,1577.0,7000.0,3200.0,1600.0,4300.0,4500.0,4200.0,,,33.0,700.0,307.0,50.0,402.0,75.0,15.0,,13.0,20.0,24.0,110.0,400.0,12.0,16000.0,580.0,16000.0,6750.0,1900.0,15000.0,710.0,4900.0,1600.0,1000.0,3010.0,3150.0,2200.0,,,20.0,600.0,200.0,35.0,322.0,45.0,6.0,,5.0,10.0,16.0,55.0,200.0,6.0,9748.0,700.0,500.0,587.0,700.0,500.0,450.0,700.0,500.0,625.0,700.0,700.0,524.0,,,600.0,857.0,650.0,700.0,800.0,600.0,400.0,,400.0,500.0,650.0,500.0,500.0,500.0,609.0
1940-01-01,1840.0,80000.0,25000.0,14500.0,70000.0,2000.0,12750.0,13000.0,655.0,14605.0,34200.0,19500.0,,,250.0,850.0,400.0,200.0,500.0,400.0,150.0,,50.0,50.0,200.0,150.0,200.0,50.0,20000.0,1540.0,10000.0,3000.0,3150.0,27000.0,800.0,7920.0,6000.0,605.0,5300.0,11400.0,4500.0,,,230.0,250.0,100.0,30.0,100.0,50.0,50.0,,0.0,20.0,50.0,100.0,100.0,0.0,10000.0,1386.0,13000.0,1800.0,3320.0,16500.0,547.0,7382.0,6000.0,593.0,5194.0,11400.0,4800.0,,,195.0,140.0,70.0,18.0,80.0,30.0,35.0,,0.0,10.0,30.0,40.0,70.0,0.0,13000.0,900.0,1300.0,600.0,1054.0,611.0,684.0,932.0,1000.0,980.0,980.0,1000.0,1067.0,,,850.0,560.0,700.0,600.0,800.0,600.0,700.0,,0.0,500.0,600.0,400.0,700.0,0.0,1300.0
1941-01-01,1840.0,35520.0,21000.0,14500.0,64000.0,2000.0,10250.0,9000.0,805.0,16200.0,30100.0,19500.0,,,,900.0,500.0,200.0,500.0,400.0,150.0,,50.0,100.0,200.0,200.0,300.0,50.0,5156.0,1100.0,7104.0,2000.0,2500.0,5000.0,1200.0,6250.0,6000.0,505.0,6900.0,9100.0,4875.0,,,,0.0,0.0,0.0,0.0,0.0,0.0,,0.0,10.0,0.0,20.0,30.0,0.0,2063.0,660.0,4972.0,1200.0,1875.0,3000.0,600.0,3750.0,3600.0,353.0,6017.0,8100.0,3412.0,,,,0.0,0.0,0.0,0.0,0.0,0.0,,0.0,3.0,0.0,6.0,9.0,0.0,1443.0,600.0,700.0,600.0,750.0,600.0,500.0,600.0,600.0,700.0,872.0,890.0,700.0,,,,0.0,0.0,0.0,0.0,0.0,0.0,,0.0,300.0,0.0,300.0,300.0,0.0,700.0
1942-01-01,3779.0,115278.0,38488.0,13488.0,128607.0,863.0,8031.0,39329.0,7518.0,14916.0,28002.0,22248.0,,,705.0,3123.0,497.0,110.0,757.0,66.0,,,21.0,2.0,180.0,50.0,30.0,25.0,38110.0,500.0,1142.0,6500.0,2000.0,5000.0,400.0,3275.0,8500.0,205.0,4500.0,6600.0,5000.0,,,50.0,600.0,100.0,30.0,157.0,50.0,,,10.0,2.0,40.0,50.0,30.0,25.0,373.0,200.0,342.0,3900.0,1600.0,2500.0,160.0,1637.0,5100.0,82.0,3600.0,5280.0,4000.0,,,25.0,540.0,80.0,24.0,141.0,35.0,,,6.0,1.0,28.0,20.0,15.0,23.0,111.0,400.0,300.0,600.0,800.0,500.0,400.0,500.0,600.0,400.0,800.0,800.0,800.0,,,500.0,900.0,800.0,800.0,900.0,700.0,,,660.0,500.0,700.0,400.0,500.0,900.0,300.0
1943-01-01,4000.0,117471.0,40412.0,13883.0,141600.0,1600.0,10000.0,40000.0,8000.0,15200.0,28500.0,22248.0,,,700.0,4000.0,500.0,150.0,800.0,600.0,200.0,,50.0,100.0,200.0,300.0,400.0,50.0,38872.0,2200.0,58454.0,22289.0,5000.0,84120.0,700.0,6000.0,18574.0,5000.0,6600.0,9500.0,8000.0,,,400.0,800.0,125.0,30.0,160.0,120.0,60.0,,10.0,30.0,60.0,100.0,160.0,20.0,18324.0,1320.0,46763.0,21509.0,5200.0,71502.0,350.0,3380.0,10875.0,3000.0,5940.0,8550.0,5600.0,,,280.0,640.0,112.0,21.0,128.0,72.0,48.0,,9.0,30.0,42.0,90.0,144.0,12.0,14320.0,600.0,800.0,965.0,1040.0,850.0,500.0,563.0,585.0,600.0,900.0,900.0,700.0,,,700.0,800.0,900.0,700.0,800.0,600.0,800.0,,900.0,1000.0,700.0,900.0,900.0,600.0,781.0
1944-01-01,2000.0,80000.0,35559.0,13163.0,115000.0,4000.0,9000.0,19848.0,7200.0,,,21248.0,,12520.0,700.0,600.0,500.0,150.0,800.0,600.0,200.0,24150.0,20.0,200.0,200.0,420.0,450.0,50.0,21872.0,200.0,4000.0,7000.0,2500.0,8000.0,1500.0,4500.0,4200.0,200.0,,,3000.0,,2800.0,100.0,60.0,20.0,0.0,40.0,20.0,0.0,5000.0,0.0,0.0,10.0,80.0,0.0,0.0,4500.0,60.0,2000.0,3500.0,1050.0,4394.0,600.0,1350.0,1050.0,60.0,,,1200.0,,1120.0,30.0,17.0,5.0,0.0,8.0,4.0,0.0,2000.0,0.0,0.0,2.0,40.0,0.0,0.0,1800.0,300.0,500.0,500.0,420.0,549.0,400.0,300.0,250.0,300.0,,,400.0,,400.0,300.0,280.0,250.0,0.0,200.0,200.0,0.0,400.0,0.0,0.0,250.0,500.0,0.0,0.0,400.0
1945-01-01,2000.0,95000.0,37000.0,12500.0,155000.0,9000.0,5000.0,20000.0,6600.0,,,20500.0,,11000.0,700.0,700.0,1000.0,80.0,1700.0,400.0,150.0,23000.0,20.0,150.0,100.0,300.0,400.0,30.0,24000.0,20.0,20000.0,15800.0,3750.0,55000.0,200.0,2250.0,8000.0,100.0,,,10250.0,,3500.0,0.0,0.0,0.0,0.0,120.0,0.0,0.0,5500.0,0.0,0.0,0.0,0.0,0.0,0.0,5000.0,4.0,4000.0,9480.0,2625.0,27500.0,60.0,450.0,3200.0,20.0,,,8200.0,,1750.0,0.0,0.0,0.0,0.0,46.0,0.0,0.0,2200.0,0.0,0.0,0.0,0.0,0.0,0.0,1750.0,200.0,200.0,600.0,700.0,500.0,300.0,200.0,400.0,200.0,,,800.0,,500.0,0.0,0.0,0.0,0.0,380.0,0.0,0.0,400.0,0.0,0.0,0.0,0.0,0.0,0.0,350.0
1946-01-01,3600.0,80700.0,58000.0,15700.0,124000.0,10500.0,21000.0,26000.0,3000.0,,,38600.0,,15400.0,100.0,1140.0,600.0,200.0,2350.0,100.0,100.0,27300.0,20.0,150.0,50.0,180.0,500.0,60.0,29800.0,500.0,22000.0,26000.0,7200.0,55800.0,4000.0,10500.0,10400.0,400.0,,,23160.0,,8470.0,15.0,180.0,80.0,30.0,350.0,5.0,5.0,17000.0,0.0,0.0,0.0,0.0,0.0,5.0,11000.0,400.0,11000.0,15600.0,5976.0,25110.0,1480.0,5460.0,5824.0,200.0,,,15980.0,,5251.0,9.0,108.0,48.0,15.0,210.0,3.0,3.0,11050.0,0.0,0.0,0.0,0.0,0.0,3.0,5500.0,800.0,500.0,600.0,830.0,450.0,370.0,520.0,560.0,500.0,,,690.0,,620.0,600.0,600.0,600.0,500.0,600.0,600.0,600.0,650.0,0.0,0.0,0.0,0.0,0.0,600.0,500.0
1947-01-01,4000.0,95000.0,65000.0,16000.0,132000.0,11000.0,17000.0,28000.0,3000.0,,,39000.0,,15500.0,100.0,1200.0,600.0,200.0,2400.0,100.0,100.0,27500.0,20.0,150.0,50.0,180.0,500.0,60.0,42000.0,700.0,50000.0,32000.0,9000.0,67000.0,5500.0,10000.0,16000.0,500.0,,,27000.0,,10000.0,20.0,700.0,100.0,80.0,600.0,0.0,0.0,19000.0,0.0,0.0,0.0,0.0,50.0,0.0,21000.0,560.0,27500.0,28800.0,9000.0,60300.0,2750.0,7000.0,9600.0,300.0,,,29700.0,,11000.0,14.0,280.0,50.0,24.0,392.0,0.0,0.0,19000.0,0.0,0.0,0.0,0.0,30.0,0.0,16800.0,800.0,550.0,900.0,1000.0,900.0,500.0,700.0,600.0,600.0,,,1100.0,,1100.0,700.0,400.0,500.0,300.0,653.0,0.0,0.0,1000.0,0.0,0.0,0.0,0.0,600.0,0.0,800.0
1948-01-01,4000.0,95000.0,65000.0,16000.0,130000.0,12000.0,18500.0,23000.0,3100.0,,,36000.0,,15500.0,100.0,1250.0,600.0,200.0,2400.0,100.0,100.0,27500.0,20.0,150.0,50.0,180.0,500.0,50.0,44000.0,200.0,46000.0,12000.0,7000.0,15000.0,0.0,1500.0,7000.0,100.0,,,18000.0,,2800.0,0.0,100.0,0.0,0.0,0.0,0.0,0.0,1000.0,0.0,0.0,0.0,0.0,0.0,0.0,22000.0,100.0,18400.0,6000.0,6300.0,6750.0,0.0,600.0,2800.0,40.0,,,12620.0,,1540.0,0.0,50.0,0.0,0.0,0.0,0.0,0.0,400.0,0.0,0.0,0.0,0.0,0.0,0.0,13200.0,500.0,400.0,500.0,900.0,450.0,0.0,400.0,400.0,400.0,,,700.0,,550.0,0.0,500.0,0.0,0.0,0.0,0.0,0.0,400.0,0.0,0.0,0.0,0.0,0.0,0.0,600.0
1949-01-01,5000.0,94000.0,66500.0,25000.0,133000.0,14500.0,22000.0,28000.0,4000.0,,,38000.0,,18000.0,200.0,1800.0,800.0,300.0,3000.0,400.0,100.0,27000.0,50.0,150.0,100.0,200.0,700.0,200.0,42000.0,2000.0,23500.0,23500.0,15000.0,43000.0,4500.0,9000.0,14000.0,500.0,,,26600.0,,10000.0,0.0,400.0,0.0,0.0,100.0,0.0,0.0,13000.0,0.0,0.0,0.0,0.0,0.0,0.0,15000.0,1600.0,9400.0,16450.0,15000.0,25800.0,1800.0,4500.0,7000.0,200.0,,,21280.0,,6000.0,0.0,128.0,0.0,0.0,32.0,0.0,0.0,8010.0,0.0,0.0,0.0,0.0,0.0,0.0,6000.0,800.0,400.0,700.0,1000.0,600.0,400.0,500.0,500.0,400.0,,,800.0,,600.0,0.0,320.0,0.0,0.0,320.0,0.0,0.0,616.0,0.0,0.0,0.0,0.0,0.0,0.0,400.0
1950-01-01,5000.0,95000.0,65000.0,60000.0,132000.0,14000.0,25000.0,30000.0,4200.0,,,80000.0,,60000.0,200.0,2000.0,800.0,300.0,3300.0,400.0,100.0,50000.0,50.0,200.0,100.0,250.0,800.0,200.0,42000.0,1000.0,38000.0,26000.0,24000.0,66000.0,3000.0,15000.0,15000.0,500.0,,,40000.0,,24000.0,0.0,200.0,0.0,0.0,100.0,0.0,0.0,20000.0,0.0,0.0,0.0,0.0,0.0,0.0,21000.0,500.0,19000.0,14300.0,21600.0,33000.0,900.0,7500.0,6750.0,130.0,,,36000.0,,14400.0,0.0,80.0,0.0,0.0,40.0,0.0,0.0,10000.0,0.0,0.0,0.0,0.0,0.0,0.0,16800.0,500.0,500.0,550.0,900.0,500.0,300.0,500.0,450.0,260.0,,,900.0,,600.0,0.0,400.0,0.0,0.0,400.0,0.0,0.0,500.0,0.0,0.0,0.0,0.0,0.0,0.0,800.0
1951-01-01,8000.0,100000.0,70000.0,50000.0,140000.0,1000.0,9000.0,15000.0,2000.0,,,60000.0,,35000.0,100.0,535.0,10.0,5.0,200.0,10.0,10.0,20000.0,,,10.0,,10.0,10.0,45000.0,0.0,0.0,0.0,8000.0,500.0,0.0,0.0,0.0,0.0,,,5000.0,,3500.0,0.0,0.0,0.0,0.0,0.0,0.0,0.0,500.0,,,0.0,,0.0,0.0,2000.0,0.0,0.0,0.0,3200.0,250.0,0.0,0.0,0.0,0.0,,,1500.0,,1400.0,0.0,0.0,0.0,0.0,0.0,0.0,0.0,150.0,,,0.0,,0.0,0.0,1000.0,0.0,0.0,0.0,400.0,500.0,0.0,0.0,0.0,0.0,,,300.0,,400.0,0.0,0.0,0.0,0.0,0.0,0.0,0.0,300.0,,,0.0,,0.0,0.0,500.0
1952-01-01,8300.0,95000.0,71000.0,45000.0,155000.0,12500.0,24000.0,45000.0,1000.0,,,65000.0,,40000.0,200.0,620.0,50.0,5.0,400.0,50.0,100.0,30000.0,10.0,10.0,50.0,100.0,100.0,5.0,43000.0,4300.0,45000.0,45000.0,18000.0,90000.0,6500.0,12000.0,15000.0,800.0,,,22000.0,,20000.0,180.0,514.0,40.0,5.0,350.0,45.0,90.0,10000.0,8.0,5.0,45.0,90.0,90.0,5.0,18000.0,4800.0,50000.0,31200.0,27000.0,78000.0,2400.0,4800.0,18000.0,80.0,,,40850.0,,18000.0,6.0,34.0,2.0,0.0,15.0,1.0,3.0,17000.0,1.0,1.0,1.0,3.0,3.0,0.0,27500.0,1200.0,1000.0,1200.0,1000.0,1200.0,400.0,400.0,600.0,400.0,,,950.0,,900.0,300.0,320.0,200.0,0.0,300.0,200.0,300.0,850.0,500.0,200.0,200.0,300.0,300.0,0.0,1100.0
1953-01-01,9000.0,85000.0,72000.0,45000.0,160000.0,15500.0,30000.0,57000.0,5000.0,,,60000.0,,45000.0,200.0,1000.0,100.0,10.0,600.0,100.0,200.0,30000.0,20.0,20.0,100.0,130.0,200.0,20.0,43000.0,1000.0,20000.0,12000.0,18000.0,25000.0,0.0,3000.0,7000.0,0.0,,,20000.0,,20000.0,0.0,0.0,0.0,0.0,0.0,0.0,0.0,10000.0,0.0,0.0,0.0,0.0,0.0,0.0,13000.0,650.0,10000.0,8400.0,14400.0,17500.0,0.0,750.0,1750.0,0.0,,,12000.0,,12000.0,0.0,0.0,0.0,0.0,0.0,0.0,0.0,5000.0,0.0,0.0,0.0,0.0,0.0,0.0,8450.0,650.0,500.0,700.0,800.0,700.0,0.0,250.0,250.0,0.0,,,600.0,,600.0,0.0,0.0,0.0,0.0,0.0,0.0,0.0,500.0,0.0,0.0,0.0,0.0,0.0,0.0,650.0
1954-01-01,10000.0,85000.0,75000.0,40000.0,165000.0,4500.0,33000.0,95000.0,7000.0,,,55000.0,,45000.0,300.0,2500.0,400.0,70.0,2000.0,150.0,200.0,40000.0,200.0,20.0,200.0,140.0,200.0,20.0,43000.0,3500.0,45000.0,25000.0,18000.0,61000.0,2000.0,23000.0,60000.0,1000.0,,,24000.0,,25000.0,20.0,100.0,10.0,10.0,370.0,10.0,10.0,22000.0,10.0,5.0,20.0,10.0,20.0,5.0,23000.0,3500.0,36000.0,26250.0,18000.0,67100.0,1000.0,13800.0,42000.0,800.0,,,21600.0,,20000.0,16.0,55.0,5.0,4.0,222.0,5.0,5.0,19800.0,4.0,2.0,10.0,6.0,14.0,2.0,20700.0,1000.0,800.0,1050.0,1000.0,1100.0,500.0,600.0,700.0,800.0,,,900.0,,800.0,800.0,550.0,500.0,400.0,600.0,500.0,550.0,900.0,400.0,400.0,500.0,600.0,700.0,400.0,900.0
1955-01-01,10000.0,90000.0,80000.0,40000.0,170000.0,12000.0,33000.0,85000.0,10000.0,,50000.0,55000.0,,45000.0,550.0,3500.0,570.0,75.0,3500.0,150.0,350.0,,350.0,30.0,350.0,250.0,400.0,25.0,47300.0,1500.0,40000.0,13000.0,20000.0,28000.0,1000.0,10000.0,5000.0,5000.0,,20000.0,20000.0,,13500.0,0.0,0.0,0.0,0.0,0.0,0.0,0.0,,0.0,0.0,0.0,0.0,0.0,0.0,20000.0,1350.0,36000.0,11700.0,20000.0,26600.0,300.0,6000.0,1500.0,3000.0,,15000.0,16000.0,,9450.0,0.0,0.0,0.0,0.0,0.0,0.0,0.0,,0.0,0.0,0.0,0.0,0.0,0.0,16000.0,900.0,9000.0,900.0,1000.0,950.0,300.0,600.0,300.0,600.0,,750.0,800.0,,700.0,0.0,0.0,0.0,0.0,0.0,0.0,0.0,,0.0,0.0,0.0,0.0,0.0,0.0,800.0
1956-01-01,10000.0,120000.0,100000.0,36000.0,190000.0,35000.0,45000.0,90000.0,20000.0,,80000.0,81000.0,,55000.0,550.0,9500.0,600.0,75.0,3500.0,150.0,350.0,,350.0,30.0,320.0,250.0,400.0,25.0,60000.0,2000.0,70000.0,35000.0,16000.0,70000.0,15000.0,15000.0,36000.0,5000.0,,30000.0,31000.0,,20000.0,0.0,500.0,100.0,0.0,200.0,0.0,50.0,,50.0,10.0,40.0,50.0,100.0,0.0,40000.0,1600.0,63000.0,28000.0,14400.0,56000.0,10500.0,7500.0,25200.0,3000.0,,21000.0,24800.0,,12000.0,0.0,220.0,45.0,0.0,90.0,0.0,25.0,,25.0,5.0,20.0,25.0,45.0,0.0,36000.0,800.0,900.0,800.0,900.0,800.0,700.0,500.0,700.0,600.0,,700.0,800.0,,600.0,0.0,440.0,450.0,0.0,450.0,0.0,500.0,,500.0,500.0,500.0,500.0,450.0,0.0,900.0
1957-01-01,7000.0,135000.0,88000.0,34000.0,210000.0,33000.0,53000.0,98000.0,15000.0,,65000.0,56000.0,,60000.0,550.0,12000.0,1200.0,300.0,4500.0,250.0,300.0,,50.0,50.0,300.0,500.0,700.0,100.0,70000.0,800.0,15000.0,8000.0,10000.0,14000.0,6600.0,16000.0,5000.0,4600.0,,19500.0,16000.0,,18000.0,0.0,0.0,0.0,0.0,0.0,0.0,0.0,,0.0,0.0,0.0,0.0,0.0,0.0,10000.0,400.0,6000.0,4000.0,8000.0,7000.0,3300.0,11200.0,2100.0,2300.0,,11700.0,9600.0,,14400.0,0.0,0.0,0.0,0.0,0.0,0.0,0.0,,0.0,0.0,0.0,0.0,0.0,0.0,4000.0,500.0,400.0,500.0,800.0,500.0,500.0,700.0,420.0,500.0,,600.0,600.0,,800.0,0.0,0.0,0.0,0.0,0.0,0.0,0.0,,0.0,0.0,0.0,0.0,0.0,0.0,400.0
1958-01-01,7000.0,135000.0,70000.0,20000.0,180000.0,12500.0,50000.0,100000.0,15000.0,,,34000.0,,55000.0,500.0,10000.0,1000.0,300.0,5000.0,500.0,50.0,65000.0,50.0,50.0,100.0,500.0,700.0,150.0,70000.0,1000.0,35000.0,7000.0,11000.0,20000.0,6300.0,15000.0,3000.0,5000.0,,,14000.0,,16500.0,0.0,0.0,0.0,0.0,0.0,0.0,0.0,20000.0,0.0,0.0,0.0,0.0,0.0,0.0,20000.0,610.0,24500.0,4200.0,8800.0,14000.0,1890.0,12000.0,1200.0,2500.0,,,8400.0,,13200.0,0.0,0.0,0.0,0.0,0.0,0.0,0.0,12000.0,0.0,0.0,0.0,0.0,0.0,0.0,12000.0,610.0,700.0,600.0,800.0,700.0,300.0,800.0,400.0,500.0,,,600.0,,800.0,0.0,0.0,0.0,0.0,0.0,0.0,0.0,600.0,0.0,0.0,0.0,0.0,0.0,0.0,600.0
1959-01-01,7000.0,135000.0,70000.0,25000.0,180000.0,25000.0,60000.0,105000.0,15000.0,,65000.0,55000.0,,60000.0,600.0,7500.0,900.0,275.0,6000.0,750.0,75.0,,50.0,50.0,50.0,500.0,700.0,150.0,70000.0,800.0,90000.0,13000.0,15000.0,35000.0,5000.0,18000.0,10000.0,3000.0,,13000.0,20000.0,,18000.0,0.0,800.0,0.0,0.0,500.0,100.0,0.0,,0.0,0.0,0.0,0.0,0.0,0.0,50000.0,560.0,90000.0,11700.0,15000.0,31500.0,2250.0,18000.0,5000.0,2400.0,,10400.0,20000.0,,18000.0,0.0,800.0,0.0,0.0,500.0,90.0,0.0,,0.0,0.0,0.0,0.0,0.0,0.0,50000.0,700.0,1000.0,900.0,1000.0,900.0,450.0,1000.0,500.0,800.0,,800.0,1000.0,,1000.0,0.0,1000.0,0.0,0.0,1000.0,900.0,0.0,,0.0,0.0,0.0,0.0,0.0,0.0,1000.0
1960-01-01,10000.0,130000.0,80000.0,20000.0,190000.0,24200.0,54000.0,95000.0,15000.0,,65000.0,50000.0,,54000.0,350.0,3500.0,600.0,175.0,3500.0,400.0,75.0,,50.0,50.0,50.0,500.0,700.0,150.0,67000.0,800.0,20000.0,7000.0,8000.0,13000.0,7200.0,10800.0,28500.0,1500.0,,6500.0,13000.0,,10800.0,50.0,350.0,0.0,0.0,500.0,0.0,0.0,,0.0,0.0,0.0,0.0,0.0,0.0,12000.0,560.0,10200.0,4900.0,7200.0,9100.0,3240.0,8640.0,15675.0,900.0,,3900.0,11700.0,,8640.0,20.0,140.0,0.0,0.0,185.0,0.0,0.0,,0.0,0.0,0.0,0.0,0.0,0.0,6000.0,700.0,510.0,700.0,900.0,700.0,450.0,800.0,550.0,600.0,,600.0,900.0,,800.0,400.0,400.0,0.0,0.0,370.0,0.0,0.0,,0.0,0.0,0.0,0.0,0.0,0.0,500.0
1961-01-01,10000.0,120000.0,85000.0,15000.0,202000.0,26000.0,46000.0,96000.0,13000.0,,75000.0,35000.0,,48500.0,500.0,6500.0,1000.0,400.0,6050.0,900.0,150.0,,50.0,100.0,150.0,500.0,800.0,200.0,60000.0,700.0,10000.0,7000.0,7500.0,12000.0,2600.0,11000.0,4800.0,1000.0,,5000.0,10000.0,,7500.0,0.0,500.0,0.0,0.0,550.0,0.0,0.0,,0.0,0.0,0.0,0.0,0.0,0.0,10000.0,560.0,5000.0,5600.0,7500.0,9600.0,1170.0,8800.0,2400.0,690.0,,4000.0,8000.0,,5250.0,0.0,300.0,0.0,0.0,330.0,0.0,0.0,,0.0,0.0,0.0,0.0,0.0,0.0,3500.0,800.0,500.0,800.0,1000.0,800.0,450.0,800.0,500.0,690.0,,800.0,800.0,,700.0,0.0,600.0,0.0,0.0,600.0,0.0,0.0,,0.0,0.0,0.0,0.0,0.0,0.0,350.0
1962-01-01,3500.0,125000.0,80000.0,24000.0,112000.0,35000.0,44254.0,90000.0,8000.0,,,46000.0,,45796.0,500.0,10000.0,1500.0,200.0,7000.0,500.0,150.0,52000.0,50.0,100.0,200.0,500.0,800.0,150.0,70000.0,100.0,15000.0,8000.0,3000.0,5000.0,2000.0,4425.0,4000.0,500.0,,,4000.0,,4575.0,0.0,750.0,50.0,0.0,500.0,0.0,0.0,2000.0,0.0,0.0,0.0,0.0,0.0,0.0,7000.0,70.0,7500.0,4800.0,3000.0,4000.0,900.0,2655.0,2200.0,280.0,,,3600.0,,2745.0,0.0,375.0,25.0,0.0,250.0,0.0,0.0,1400.0,0.0,0.0,0.0,0.0,0.0,0.0,4200.0,700.0,500.0,600.0,1000.0,800.0,450.0,600.0,550.0,560.0,,,900.0,,600.0,0.0,500.0,500.0,0.0,500.0,0.0,0.0,700.0,0.0,0.0,0.0,0.0,0.0,0.0,600.0
1963-01-01,3000.0,100000.0,60000.0,25000.0,120000.0,30000.0,44000.0,80000.0,4500.0,,,40000.0,,46000.0,200.0,5500.0,1000.0,100.0,4500.0,150.0,500.0,42000.0,60.0,90.0,300.0,510.0,790.0,100.0,60000.0,100.0,10000.0,5000.0,3000.0,5000.0,4500.0,4400.0,5000.0,0.0,,,4000.0,,4500.0,0.0,0.0,0.0,0.0,0.0,0.0,0.0,2000.0,0.0,0.0,0.0,0.0,0.0,0.0,5000.0,60.0,4200.0,2100.0,2115.0,3000.0,2025.0,2200.0,2350.0,0.0,,,2400.0,,2250.0,0.0,0.0,0.0,0.0,0.0,0.0,0.0,1200.0,0.0,0.0,0.0,0.0,0.0,0.0,2100.0,600.0,420.0,420.0,705.0,600.0,450.0,500.0,470.0,0.0,,,600.0,,500.0,0.0,0.0,0.0,0.0,0.0,0.0,0.0,600.0,0.0,0.0,0.0,0.0,0.0,0.0,420.0
1964-01-01,2500.0,90000.0,85000.0,23000.0,100000.0,31000.0,42000.0,85000.0,4000.0,,,60000.0,,44000.0,200.0,10250.0,1000.0,,6500.0,,175.0,34000.0,,35.0,220.0,250.0,220.0,50.0,55000.0,400.0,30000.0,19000.0,6000.0,40000.0,6000.0,14000.0,33000.0,250.0,,,11000.0,,14000.0,0.0,1250.0,50.0,,500.0,,0.0,13000.0,,0.0,20.0,20.0,10.0,0.0,18000.0,320.0,18000.0,15200.0,5400.0,28000.0,4380.0,14000.0,26400.0,200.0,,,8800.0,,14000.0,0.0,1075.0,45.0,,450.0,,0.0,10400.0,,0.0,12.0,12.0,6.0,0.0,12600.0,800.0,600.0,800.0,900.0,700.0,730.0,1000.0,800.0,800.0,,,800.0,,1000.0,0.0,860.0,900.0,,900.0,,0.0,800.0,,0.0,600.0,600.0,600.0,0.0,700.0
1965-01-01,2700.0,95000.0,85000.0,23000.0,100000.0,29000.0,40000.0,83000.0,4300.0,,,60000.0,,40000.0,200.0,9000.0,800.0,,6000.0,,500.0,35000.0,,200.0,220.0,250.0,230.0,,60000.0,300.0,5000.0,5000.0,3000.0,10000.0,1000.0,5000.0,3000.0,700.0,,,5000.0,,5000.0,0.0,0.0,0.0,,0.0,,0.0,3000.0,,0.0,0.0,0.0,0.0,,2000.0,180.0,3000.0,1500.0,1500.0,6000.0,350.0,3000.0,1200.0,420.0,,,2000.0,,3000.0,0.0,0.0,0.0,,0.0,,0.0,1950.0,,0.0,0.0,0.0,0.0,,1200.0,600.0,600.0,300.0,500.0,600.0,350.0,600.0,400.0,600.0,,,400.0,,600.0,0.0,0.0,0.0,,0.0,,0.0,650.0,,0.0,0.0,0.0,0.0,,600.0
1966-01-01,3000.0,97000.0,80000.0,20000.0,107000.0,30000.0,42000.0,101000.0,4800.0,,,50000.0,,42000.0,220.0,9500.0,900.0,,6800.0,,550.0,38500.0,,210.0,250.0,300.0,270.0,,61000.0,300.0,4000.0,5000.0,2000.0,11000.0,1000.0,4000.0,5000.0,0.0,,,5000.0,,2000.0,0.0,80.0,0.0,,0.0,,0.0,1920.0,,0.0,0.0,0.0,0.0,,2500.0,180.0,2400.0,2250.0,900.0,6600.0,400.0,2400.0,2220.0,0.0,,,2250.0,,1200.0,0.0,40.0,0.0,,0.0,,0.0,1060.0,,0.0,0.0,0.0,0.0,,1500.0,600.0,600.0,450.0,450.0,600.0,400.0,600.0,444.0,0.0,,,450.0,,600.0,0.0,500.0,0.0,,0.0,,0.0,552.0,,0.0,0.0,0.0,0.0,,600.0
1967-01-01,5000.0,110000.0,82000.0,22000.0,115000.0,25000.0,46000.0,90000.0,7000.0,,,55000.0,,44000.0,220.0,9500.0,900.0,,6830.0,,550.0,56000.0,,,,,,,67000.0,200.0,15000.0,8000.0,4000.0,15500.0,2000.0,2500.0,9000.0,500.0,,,7000.0,,3000.0,0.0,100.0,0.0,,0.0,,0.0,3700.0,,,,,,,7000.0,110.0,9000.0,4000.0,2840.0,10000.0,900.0,1250.0,4500.0,250.0,,,4900.0,,1800.0,0.0,50.0,0.0,,0.0,,0.0,2200.0,,,,,,,3500.0,550.0,600.0,500.0,710.0,645.0,450.0,500.0,500.0,500.0,,,700.0,,600.0,0.0,500.0,0.0,,0.0,,0.0,595.0,,,,,,,500.0
1968-01-01,6000.0,123100.0,86400.0,19500.0,129600.0,32500.0,51800.0,113800.0,7000.0,,,54000.0,,49600.0,400.0,11000.0,1100.0,,7500.0,,300.0,59400.0,,,,,,,75600.0,160.0,19300.0,13600.0,2700.0,19800.0,1600.0,2700.0,5600.0,350.0,,,6500.0,,2800.0,0.0,230.0,0.0,,160.0,,0.0,4500.0,,,,,,,13600.0,80.0,9900.0,6800.0,1620.0,10890.0,562.0,1215.0,2240.0,175.0,,,3900.0,,1400.0,0.0,104.0,0.0,,64.0,,0.0,2250.0,,,,,,,6800.0,500.0,513.0,500.0,600.0,550.0,350.0,450.0,400.0,500.0,,,600.0,,500.0,0.0,452.0,0.0,,400.0,,0.0,500.0,,,,,,,500.0
1969-01-01,5200.0,112000.0,81000.0,20000.0,125000.0,26000.0,46000.0,95000.0,6000.0,,53000.0,50000.0,,45000.0,400.0,9700.0,900.0,,6700.0,,300.0,,,,,,,,74000.0,0.0,10000.0,3000.0,2500.0,8000.0,300.0,600.0,0.0,100.0,,0.0,1800.0,,500.0,0.0,50.0,0.0,,50.0,,0.0,,,,,,,,5000.0,0.0,5000.0,1200.0,2000.0,3200.0,120.0,240.0,0.0,40.0,,0.0,1080.0,,180.0,0.0,20.0,0.0,,20.0,,0.0,,,,,,,,3000.0,0.0,500.0,400.0,800.0,400.0,400.0,400.0,0.0,400.0,,0.0,600.0,,360.0,0.0,400.0,0.0,,400.0,,0.0,,,,,,,,600.0
1970-01-01,4500.0,90000.0,70000.0,18000.0,105000.0,18000.0,32000.0,65000.0,4500.0,,40000.0,35000.0,,30000.0,350.0,7500.0,650.0,,5000.0,,200.0,,,,,,,,65000.0,0.0,9100.0,4200.0,12000.0,6900.0,0.0,0.0,1400.0,0.0,,7100.0,5800.0,,0.0,0.0,0.0,0.0,,0.0,,0.0,,,,,,,,8600.0,0.0,4100.0,2200.0,8500.0,3000.0,0.0,0.0,700.0,0.0,,3900.0,3500.0,,0.0,0.0,0.0,0.0,,0.0,,0.0,,,,,,,,4900.0,0.0,451.0,524.0,708.0,435.0,0.0,0.0,500.0,0.0,,549.0,603.0,,0.0,0.0,0.0,0.0,,0.0,,0.0,,,,,,,,570.0
1971-01-01,4700.0,85000.0,60000.0,18000.0,100000.0,16000.0,30000.0,94000.0,4800.0,,34000.0,27000.0,,26000.0,350.0,8000.0,680.0,,5200.0,,200.0,,,,,,,,59970.0,0.0,3000.0,2000.0,3000.0,1000.0,0.0,2600.0,1000.0,0.0,,2500.0,3500.0,,1300.0,0.0,250.0,0.0,,0.0,,0.0,,,,,,,,7950.0,0.0,2100.0,1200.0,2100.0,600.0,0.0,1560.0,450.0,0.0,,1500.0,2625.0,,845.0,0.0,100.0,0.0,,0.0,,0.0,,,,,,,,5520.0,0.0,700.0,600.0,700.0,600.0,0.0,600.0,450.0,0.0,,600.0,750.0,,650.0,0.0,400.0,0.0,,0.0,,0.0,,,,,,,,694.0
1972-01-01,3000.0,95000.0,75000.0,13200.0,115000.0,19000.0,38000.0,90000.0,3500.0,,30300.0,30700.0,,25000.0,200.0,5400.0,530.0,,2800.0,,170.0,,,,,,,,70000.0,500.0,40000.0,30000.0,3300.0,50000.0,300.0,4000.0,15000.0,550.0,,3500.0,5000.0,,2500.0,0.0,550.0,0.0,,300.0,,0.0,,,,,,,,28000.0,275.0,35780.0,24000.0,3300.0,40000.0,135.0,2000.0,7500.0,275.0,,1925.0,3500.0,,1500.0,0.0,275.0,0.0,,135.0,,0.0,,,,,,,,23800.0,550.0,895.0,800.0,1000.0,800.0,450.0,500.0,500.0,500.0,,550.0,700.0,,600.0,0.0,500.0,0.0,,450.0,,0.0,,,,,,,,850.0
1973-01-01,3500.0,105000.0,78000.0,13900.0,125000.0,22000.0,43000.0,110000.0,4100.0,,31800.0,32200.0,,26250.0,250.0,5900.0,600.0,,3300.0,,200.0,,,,,,,,73000.0,300.0,48000.0,32000.0,3400.0,50000.0,2000.0,4000.0,10000.0,400.0,,1300.0,3700.0,,2500.0,0.0,600.0,0.0,,300.0,,0.0,,,,,,,,32500.0,240.0,43200.0,32000.0,3400.0,50000.0,1400.0,3600.0,8000.0,320.0,,1040.0,3540.0,,2200.0,0.0,540.0,0.0,,270.0,,0.0,,,,,,,,29250.0,800.0,900.0,1000.0,1000.0,1000.0,700.0,900.0,800.0,800.0,,800.0,957.0,,880.0,0.0,900.0,0.0,,900.0,,0.0,,,,,,,,900.0
1974-01-01,3400.0,75000.0,55000.0,13000.0,90000.0,20000.0,40000.0,81000.0,4000.0,,26000.0,35000.0,,40000.0,300.0,5000.0,600.0,,3200.0,,200.0,,,,,,,,51000.0,0.0,4000.0,1700.0,3500.0,9000.0,0.0,2000.0,3000.0,300.0,,1000.0,5000.0,,2500.0,0.0,200.0,0.0,,0.0,,0.0,,,,,,,,2500.0,0.0,3600.0,1530.0,3370.0,8100.0,0.0,1400.0,2100.0,210.0,,800.0,4500.0,,2000.0,0.0,140.0,0.0,,0.0,,0.0,,,,,,,,2250.0,0.0,900.0,900.0,963.0,900.0,0.0,700.0,700.0,700.0,,800.0,900.0,,800.0,0.0,700.0,0.0,,0.0,,0.0,,,,,,,,900.0
1975-01-01,3500.0,80000.0,60000.0,17000.0,100000.0,22000.0,43000.0,110000.0,4100.0,,32000.0,38000.0,,40000.0,350.0,5900.0,600.0,,3300.0,,250.0,,,,,,,,55000.0,100.0,3000.0,1000.0,2500.0,1000.0,1900.0,3600.0,9600.0,300.0,,1000.0,4000.0,,2500.0,0.0,500.0,0.0,,200.0,,0.0,,,,,,,,1000.0,70.0,2700.0,800.0,2400.0,800.0,1330.0,2800.0,7200.0,200.0,,800.0,3600.0,,2110.0,0.0,350.0,0.0,,140.0,,0.0,,,,,,,,900.0,700.0,900.0,800.0,960.0,800.0,700.0,778.0,750.0,667.0,,800.0,900.0,,844.0,0.0,700.0,0.0,,700.0,,0.0,,,,,,,,900.0
1976-01-01,3600.0,95000.0,70000.0,17000.0,120400.0,21000.0,42000.0,85000.0,4200.0,,32000.0,38000.0,,40000.0,320.0,5200.0,670.0,,3400.0,,210.0,,,,,,,,65000.0,0.0,5000.0,3000.0,2000.0,10300.0,1000.0,3000.0,5000.0,300.0,,1000.0,4000.0,,2500.0,0.0,100.0,0.0,,0.0,,0.0,,,,,,,,3000.0,0.0,4200.0,2400.0,1800.0,8000.0,700.0,2100.0,3500.0,180.0,,750.0,3600.0,,2000.0,0.0,70.0,0.0,,0.0,,0.0,,,,,,,,2700.0,0.0,840.0,800.0,900.0,777.0,700.0,700.0,700.0,600.0,,750.0,900.0,,800.0,0.0,700.0,0.0,,0.0,,0.0,,,,,,,,900.0
1977-01-01,3600.0,90000.0,67000.0,16000.0,105000.0,20000.0,40000.0,135200.0,4200.0,,32000.0,35200.0,,37000.0,320.0,5200.0,670.0,,3400.0,,210.0,,,,,,,,63000.0,0.0,2000.0,1000.0,2000.0,2000.0,1000.0,2600.0,4200.0,0.0,,2000.0,4200.0,,2000.0,0.0,0.0,0.0,,0.0,,0.0,,,,,,,,1000.0,0.0,1300.0,650.0,1600.0,1300.0,700.0,1750.0,3000.0,0.0,,1400.0,3200.0,,1400.0,0.0,0.0,0.0,,0.0,,0.0,,,,,,,,700.0,0.0,650.0,650.0,800.0,650.0,700.0,673.0,714.0,0.0,,700.0,762.0,,700.0,0.0,0.0,0.0,,0.0,,0.0,,,,,,,,700.0
1978-01-01,2100.0,75000.0,45000.0,11000.0,75000.0,13000.0,25000.0,90000.0,2500.0,,20000.0,25250.0,,25000.0,200.0,3200.0,400.0,,2200.0,,150.0,,,,,,,,30000.0,0.0,1000.0,1000.0,2000.0,1000.0,1000.0,2500.0,4000.0,0.0,,2000.0,4000.0,,1000.0,0.0,0.0,0.0,,0.0,,0.0,,,,,,,,500.0,0.0,600.0,580.0,1600.0,600.0,700.0,1770.0,3000.0,0.0,,1400.0,3200.0,,650.0,0.0,0.0,0.0,,0.0,,0.0,,,,,,,,300.0,0.0,600.0,580.0,800.0,600.0,700.0,708.0,750.0,0.0,,700.0,800.0,,650.0,0.0,0.0,0.0,,0.0,,0.0,,,,,,,,600.0
1979-01-01,2000.0,75000.0,45000.0,10000.0,89750.0,6500.0,20000.0,45000.0,2100.0,,10000.0,10000.0,,23000.0,200.0,3000.0,350.0,,2000.0,,100.0,,,,,,,,30000.0,0.0,5000.0,3000.0,500.0,14900.0,0.0,1000.0,5000.0,0.0,,1000.0,200.0,,1000.0,0.0,0.0,0.0,,0.0,,0.0,,,,,,,,3000.0,0.0,5000.0,3000.0,400.0,15150.0,0.0,700.0,3750.0,0.0,,700.0,150.0,,650.0,0.0,0.0,0.0,,0.0,,0.0,,,,,,,,3000.0,0.0,1000.0,1000.0,800.0,1017.0,0.0,700.0,750.0,0.0,,700.0,750.0,,650.0,0.0,0.0,0.0,,0.0,,0.0,,,,,,,,1000.0
1980-01-01,2000.0,75000.0,45000.0,10000.0,95000.0,10000.0,32000.0,45000.0,2000.0,,18000.0,20000.0,,24000.0,200.0,6000.0,2000.0,,4500.0,2000.0,200.0,,100.0,700.0,,600.0,700.0,,30000.0,80.0,3000.0,1800.0,400.0,3800.0,400.0,1280.0,1800.0,80.0,,720.0,800.0,,960.0,0.0,240.0,80.0,,180.0,80.0,0.0,,0.0,0.0,,0.0,0.0,,1200.0,56.0,2400.0,1350.0,320.0,2470.0,240.0,880.0,1080.0,52.0,,504.0,480.0,,576.0,0.0,168.0,36.0,,108.0,40.0,0.0,,0.0,0.0,,0.0,0.0,,840.0,700.0,800.0,750.0,800.0,650.0,600.0,688.0,600.0,650.0,,700.0,600.0,,600.0,0.0,700.0,450.0,,600.0,500.0,0.0,,0.0,0.0,,0.0,0.0,,700.0
1981-01-01,,85000.0,25000.0,6000.0,100000.0,8000.0,47000.0,45000.0,,,12000.0,16000.0,,20000.0,,4000.0,1000.0,,3000.0,3000.0,,,,,,300.0,700.0,,25000.0,,6000.0,2000.0,1000.0,3000.0,250.0,1770.0,4500.0,,,2000.0,3500.0,,2000.0,,280.0,0.0,,0.0,0.0,,,,,,0.0,0.0,,1500.0,,2880.0,1660.0,1000.0,1800.0,160.0,1104.0,4500.0,,,1400.0,3500.0,,1600.0,,196.0,0.0,,0.0,0.0,,,,,,0.0,0.0,,1200.0,,480.0,830.0,1000.0,600.0,640.0,624.0,1000.0,,,700.0,1000.0,,800.0,,700.0,0.0,,0.0,0.0,,,,,,0.0,0.0,,800.0
1982-01-01,5000.0,85000.0,40000.0,6000.0,105000.0,10000.0,47000.0,60000.0,2600.0,,10000.0,14000.0,,18000.0,,6000.0,1500.0,,4500.0,3000.0,100.0,,,1300.0,,800.0,500.0,300.0,25000.0,500.0,8000.0,4000.0,500.0,9950.0,1000.0,5000.0,6000.0,300.0,,1000.0,1000.0,,2000.0,,600.0,100.0,,500.0,300.0,0.0,,,200.0,,100.0,50.0,0.0,2500.0,600.0,9600.0,4800.0,600.0,11000.0,1200.0,6000.0,7200.0,330.0,,1200.0,1200.0,,3000.0,,660.0,100.0,,500.0,270.0,0.0,,,205.0,,90.0,45.0,0.0,3000.0,1200.0,1200.0,1200.0,1200.0,1106.0,1200.0,1200.0,1200.0,1100.0,,1200.0,1200.0,,1500.0,,1100.0,1000.0,,1000.0,900.0,0.0,,,1025.0,,900.0,900.0,0.0,1200.0
1983-01-01,3000.0,70000.0,35000.0,7000.0,100000.0,8000.0,40000.0,45000.0,2000.0,,5000.0,7000.0,,10000.0,,3000.0,1000.0,1000.0,1500.0,1200.0,150.0,,35.0,515.0,,500.0,500.0,200.0,30000.0,300.0,7600.0,3500.0,1000.0,9000.0,1000.0,4000.0,4500.0,400.0,,1000.0,1000.0,,2000.0,,400.0,0.0,0.0,500.0,0.0,0.0,,0.0,0.0,,0.0,0.0,0.0,3000.0,270.0,6080.0,3190.0,1000.0,8100.0,700.0,4000.0,5400.0,280.0,,1000.0,1000.0,,2000.0,,480.0,0.0,0.0,500.0,0.0,0.0,,0.0,0.0,,0.0,0.0,0.0,2400.0,900.0,800.0,911.0,1000.0,900.0,700.0,1000.0,1200.0,700.0,,1000.0,1000.0,,1000.0,,1200.0,0.0,0.0,1000.0,0.0,0.0,,0.0,0.0,,0.0,0.0,0.0,800.0
1984-01-01,3000.0,68000.0,34000.0,6000.0,95000.0,7500.0,28000.0,42000.0,1900.0,,4000.0,6000.0,,8000.0,,3000.0,1000.0,1000.0,1500.0,1200.0,200.0,,,500.0,,500.0,500.0,200.0,28000.0,0.0,3500.0,4000.0,2000.0,7600.0,710.0,2240.0,3000.0,100.0,,1000.0,1000.0,,1500.0,,250.0,0.0,0.0,100.0,0.0,0.0,,,0.0,,0.0,0.0,0.0,3000.0,0.0,3500.0,4800.0,2800.0,7600.0,722.0,2688.0,3900.0,100.0,,1400.0,1400.0,,2100.0,,300.0,0.0,0.0,90.0,0.0,0.0,,,0.0,,0.0,0.0,0.0,3600.0,0.0,1000.0,1200.0,1400.0,1000.0,1017.0,1200.0,1300.0,1000.0,,1400.0,1400.0,,1400.0,,1200.0,0.0,0.0,900.0,0.0,0.0,,,0.0,,0.0,0.0,0.0,1200.0
1985-01-01,1800.0,42800.0,20400.0,3000.0,57000.0,7000.0,23800.0,35700.0,,,,3000.0,,4000.0,,2000.0,1000.0,1000.0,1000.0,900.0,,,,500.0,,,500.0,1000.0,16800.0,162.0,3840.0,1830.0,270.0,5113.0,350.0,2135.0,2500.0,,,,450.0,,360.0,,180.0,90.0,0.0,100.0,50.0,,,,45.0,,,45.0,30.0,1550.0,145.0,3456.0,1830.0,324.0,4857.0,297.0,2135.0,2375.0,,,,495.0,,342.0,,162.0,72.0,0.0,90.0,40.0,,,,32.0,,,36.0,21.0,1391.0,895.0,900.0,1000.0,1200.0,950.0,849.0,1000.0,950.0,,,,1100.0,,950.0,,900.0,800.0,0.0,900.0,800.0,,,,711.0,,,800.0,700.0,897.0
1986-01-01,1468.0,35960.0,17775.0,7000.0,39060.0,7180.0,9780.0,19240.0,2120.0,,12780.0,13640.0,,12560.0,,1934.0,,95.0,1320.0,90.0,30.0,,,110.0,170.0,230.0,120.0,28.0,16780.0,0.0,2960.0,1275.0,500.0,1060.0,680.0,280.0,720.0,0.0,,280.0,655.0,,560.0,,0.0,,0.0,0.0,0.0,0.0,,,0.0,0.0,0.0,0.0,0.0,780.0,0.0,2500.0,1080.0,500.0,900.0,475.0,250.0,700.0,0.0,,225.0,575.0,,475.0,,0.0,,0.0,0.0,0.0,0.0,,,0.0,0.0,0.0,0.0,0.0,660.0,0.0,845.0,847.0,1000.0,849.0,699.0,893.0,972.0,0.0,,804.0,878.0,,848.0,,0.0,,0.0,0.0,0.0,0.0,,,0.0,0.0,0.0,0.0,0.0,846.0
1987-01-01,,,,,,,,,139250.0,,,,,,,,,,,,,,,,,,,,,,,,,,,,,8150.0,,,,,,,,,,,,,,,,,,,,,,,,,,,,,8800.0,,,,,,,,,,,,,,,,,,,,,,,,,,,,,1080.0,,,,,,,,,,,,,,,,,,,,
1988-01-01,1500.0,26000.0,5000.0,3500.0,20000.0,1800.0,2000.0,9000.0,500.0,,3500.0,5800.0,,5000.0,,1800.0,,500.0,1800.0,1500.0,,,,120.0,,500.0,180.0,,10000.0,100.0,1400.0,500.0,350.0,1500.0,100.0,150.0,500.0,30.0,,250.0,500.0,,350.0,,100.0,,0.0,135.0,115.0,,,,0.0,,50.0,20.0,,400.0,100.0,1400.0,500.0,420.0,1500.0,80.0,135.0,500.0,25.0,,225.0,500.0,,345.0,,100.0,,0.0,110.0,90.0,,,,0.0,,50.0,20.0,,400.0,1000.0,1000.0,1000.0,1200.0,1000.0,800.0,900.0,1000.0,833.0,,900.0,1000.0,,986.0,,1000.0,,0.0,815.0,783.0,,,,0.0,,1000.0,1000.0,,1000.0
1989-01-01,1600.0,30000.0,17000.0,3800.0,40000.0,2000.0,2200.0,10000.0,500.0,,3800.0,6200.0,,6000.0,,2000.0,,575.0,2000.0,1900.0,,,,150.0,,575.0,200.0,,15000.0,0.0,900.0,500.0,100.0,1000.0,50.0,50.0,300.0,0.0,,100.0,300.0,,150.0,,50.0,,0.0,50.0,0.0,,,,0.0,,0.0,0.0,,450.0,0.0,630.0,250.0,60.0,500.0,30.0,30.0,180.0,0.0,,55.0,180.0,,90.0,,30.0,,0.0,30.0,0.0,,,,0.0,,0.0,0.0,,270.0,0.0,700.0,500.0,600.0,500.0,600.0,600.0,600.0,0.0,,550.0,600.0,,600.0,,600.0,,0.0,600.0,0.0,,,,0.0,,0.0,0.0,,600.0
1990-01-01,1700.0,25000.0,12000.0,3800.0,42000.0,2200.0,2200.0,11000.0,500.0,,3800.0,6500.0,,6500.0,,2200.0,,,2200.0,2000.0,,,,150.0,,500.0,250.0,,15500.0,0.0,100.0,200.0,100.0,250.0,100.0,200.0,300.0,0.0,,100.0,50.0,,200.0,,1000.0,,,0.0,0.0,,,,0.0,,100.0,0.0,,300.0,0.0,90.0,180.0,120.0,240.0,90.0,180.0,320.0,0.0,,80.0,40.0,,180.0,,900.0,,,0.0,0.0,,,,0.0,,80.0,0.0,,300.0,0.0,900.0,900.0,1200.0,960.0,900.0,900.0,1067.0,0.0,,800.0,800.0,,900.0,,900.0,,,0.0,0.0,,,,0.0,,800.0,0.0,,1000.0
1991-01-01,2000.0,30000.0,11000.0,4000.0,43000.0,2000.0,,13000.0,,,4100.0,7400.0,,7000.0,,2500.0,,,2000.0,3000.0,,,,,,,,,14000.0,0.0,100.0,900.0,0.0,250.0,0.0,,300.0,,,0.0,250.0,,500.0,,200.0,,,0.0,0.0,,,,,,,,,0.0,0.0,100.0,1000.0,0.0,300.0,0.0,,450.0,,,0.0,270.0,,550.0,,230.0,,,0.0,0.0,,,,,,,,,0.0,0.0,1000.0,1111.0,0.0,1200.0,0.0,,1500.0,,,0.0,1080.0,,1100.0,,1150.0,,,0.0,0.0,,,,,,,,,0.0
1992-01-01,2000.0,20000.0,17000.0,,40000.0,,9000.0,10000.0,,,5000.0,,,15000.0,,,,,,,,,,,,,,,30000.0,0.0,500.0,0.0,,0.0,,0.0,0.0,,,0.0,,,0.0,,,,,,,,,,,,,,,1500.0,0.0,600.0,0.0,,0.0,,0.0,0.0,,,0.0,,,0.0,,,,,,,,,,,,,,,1800.0,0.0,1200.0,0.0,,0.0,,0.0,0.0,,,0.0,,,0.0,,,,,,,,,,,,,,,1200.0
1993-01-01,1500.0,24000.0,12000.0,1000.0,50000.0,3000.0,10500.0,5000.0,1000.0,,7700.0,2000.0,,10000.0,300.0,6000.0,,,8000.0,,,,,1000.0,,,,,16000.0,200.0,500.0,2000.0,150.0,10000.0,0.0,0.0,0.0,0.0,,0.0,350.0,,0.0,0.0,0.0,,,0.0,,,,,0.0,,,,,300.0,200.0,700.0,2400.0,200.0,12000.0,0.0,0.0,0.0,0.0,,0.0,500.0,,0.0,0.0,0.0,,,0.0,,,,,0.0,,,,,400.0,1000.0,1400.0,1200.0,1333.0,1200.0,0.0,0.0,0.0,0.0,,0.0,1429.0,,0.0,0.0,0.0,,,0.0,,,,,0.0,,,,,1333.0
1994-01-01,1500.0,24000.0,12000.0,800.0,50000.0,2000.0,10500.0,3000.0,1000.0,,7700.0,1600.0,,10000.0,300.0,6000.0,,,8000.0,,,,,1000.0,,,,,16000.0,300.0,2000.0,2000.0,200.0,4000.0,0.0,0.0,0.0,0.0,,0.0,200.0,,0.0,0.0,0.0,,,0.0,,,,,200.0,,,,,1500.0,360.0,4400.0,2400.0,260.0,4800.0,0.0,0.0,0.0,0.0,,0.0,240.0,,0.0,0.0,0.0,,,0.0,,,,,200.0,,,,,3300.0,1200.0,2200.0,1200.0,1300.0,1200.0,0.0,0.0,0.0,0.0,,0.0,1200.0,,0.0,0.0,0.0,,,0.0,,,,,1000.0,,,,,2200.0
1995-01-01,600.0,25000.0,4800.0,800.0,2000.0,,11400.0,7000.0,1100.0,,8000.0,1600.0,,11000.0,400.0,1000.0,,,1000.0,,,,,100.0,,100.0,200.0,,20000.0,0.0,3000.0,1000.0,400.0,400.0,,0.0,0.0,0.0,,0.0,800.0,,0.0,0.0,0.0,,,0.0,,,,,0.0,,0.0,0.0,,500.0,0.0,3000.0,600.0,360.0,240.0,,0.0,0.0,0.0,,0.0,640.0,,0.0,0.0,0.0,,,0.0,,,,,0.0,,0.0,0.0,,500.0,0.0,1000.0,600.0,900.0,600.0,,0.0,0.0,0.0,,0.0,800.0,,0.0,0.0,0.0,,,0.0,,,,,0.0,,0.0,0.0,,1000.0
1996-01-01,600.0,22500.0,4800.0,1000.0,2000.0,1000.0,11400.0,2000.0,1100.0,,8000.0,2000.0,,11000.0,400.0,3000.0,,,4000.0,,,,,200.0,,,200.0,,18000.0,0.0,1800.0,0.0,300.0,0.0,0.0,0.0,0.0,0.0,,0.0,300.0,,0.0,0.0,0.0,,,0.0,,,,,0.0,,,0.0,,3000.0,0.0,1800.0,0.0,180.0,0.0,0.0,0.0,0.0,0.0,,0.0,200.0,,0.0,0.0,0.0,,,0.0,,,,,0.0,,,0.0,,3000.0,0.0,1000.0,0.0,600.0,0.0,0.0,0.0,0.0,0.0,,0.0,667.0,,0.0,0.0,0.0,,,0.0,,,,,0.0,,,0.0,,1000.0
1997-01-01,700.0,22500.0,3200.0,500.0,3900.0,,5200.0,,550.0,,3200.0,700.0,,6600.0,,,,,,,,,,,,,,,18000.0,200.0,2500.0,700.0,0.0,500.0,,0.0,,0.0,,0.0,0.0,,0.0,,,,,,,,,,,,,,,1500.0,120.0,3000.0,420.0,0.0,300.0,,0.0,,0.0,,0.0,0.0,,0.0,,,,,,,,,,,,,,,1800.0,600.0,1200.0,600.0,0.0,600.0,,0.0,,0.0,,0.0,0.0,,0.0,,,,,,,,,,,,,,,1200.0
1998-01-01,500.0,20000.0,3000.0,200.0,4300.0,1000.0,6500.0,10000.0,700.0,,4000.0,500.0,,6600.0,,3000.0,,,2000.0,,,,,,200.0,,,,14500.0,0.0,1000.0,0.0,0.0,0.0,0.0,0.0,0.0,0.0,,0.0,0.0,,0.0,,0.0,,,0.0,,,,,,0.0,,,,1500.0,0.0,1700.0,0.0,0.0,0.0,0.0,0.0,0.0,0.0,,0.0,0.0,,0.0,,0.0,,,0.0,,,,,,0.0,,,,2700.0,0.0,1700.0,0.0,0.0,0.0,0.0,0.0,0.0,0.0,,0.0,0.0,,0.0,,0.0,,,0.0,,,,,,0.0,,,,1800.0
1999-01-01,,20000.0,3500.0,500.0,25000.0,,7000.0,,800.0,,4500.0,500.0,,7000.0,,,,,,,350.0,,,,,,,,10000.0,,1500.0,500.0,0.0,3000.0,,700.0,,100.0,,500.0,0.0,,1000.0,,,,,,,50.0,,,,,,,,500.0,,2600.0,600.0,0.0,3600.0,,910.0,,130.0,,700.0,0.0,,1300.0,,,,,,,65.0,,,,,,,,900.0,,1733.0,1200.0,0.0,1200.0,,1300.0,,1300.0,,1400.0,0.0,,1300.0,,,,,,,1300.0,,,,,,,,1800.0
2000-01-01,,20000.0,9500.0,1500.0,28000.0,,7000.0,,800.0,,4500.0,1500.0,,7000.0,350.0,,,,,,,,,,,1250.0,1250.0,,10000.0,,300.0,950.0,0.0,2800.0,,0.0,,0.0,,0.0,0.0,,0.0,0.0,,,,,,,,,,,130.0,120.0,,150.0,,510.0,950.0,0.0,2800.0,,0.0,,0.0,,0.0,0.0,,0.0,0.0,,,,,,,,,,,130.0,120.0,,270.0,,1700.0,1000.0,0.0,1000.0,,0.0,,0.0,,0.0,0.0,,0.0,0.0,,,,,,,,,,,1000.0,1000.0,,1800.0
2001-01-01,,10000.0,9500.0,500.0,28000.0,,7000.0,,800.0,,4500.0,1200.0,,7000.0,350.0,,,,,,,,,,,,,,6000.0,,1000.0,900.0,25.0,2000.0,,0.0,,0.0,,0.0,96.0,,0.0,0.0,,,,,,,,,,,,,,500.0,,2000.0,1260.0,30.0,2800.0,,0.0,,0.0,,0.0,100.0,,0.0,0.0,,,,,,,,,,,,,,1000.0,,2000.0,1400.0,1200.0,1400.0,,0.0,,0.0,,0.0,1042.0,,0.0,0.0,,,,,,,,,,,,,,2000.0
2002-01-01,,8000.0,7600.0,90.0,22400.0,,6500.0,,800.0,,4500.0,150.0,,6000.0,350.0,,,,,,,,,,,,,,4000.0,,800.0,0.0,0.0,3000.0,,0.0,,0.0,,0.0,0.0,,0.0,0.0,,,,,,,,,,,,,,600.0,,1360.0,0.0,0.0,3000.0,,0.0,,0.0,,0.0,0.0,,0.0,0.0,,,,,,,,,,,,,,1080.0,,1700.0,0.0,0.0,1000.0,,0.0,,0.0,,0.0,0.0,,0.0,0.0,,,,,,,,,,,,,,1800.0
2003-01-01,,5000.0,7600.0,75.0,22400.0,,6500.0,,800.0,,4500.0,90.0,,5500.0,350.0,,,,,,,,,,,,,,1500.0,,1000.0,0.0,0.0,0.0,,0.0,,0.0,,0.0,0.0,,0.0,0.0,,,,,,,,,,,,,,300.0,,1000.0,0.0,0.0,0.0,,0.0,,0.0,,0.0,0.0,,0.0,0.0,,,,,,,,,,,,,,300.0,,1000.0,0.0,0.0,0.0,,0.0,,0.0,,0.0,0.0,,0.0,0.0,,,,,,,,,,,,,,1000.0
2004-01-01,,7000.0,7600.0,100.0,22400.0,,6000.0,,800.0,,4000.0,120.0,,6000.0,400.0,,,,,,,,,,,,,,2500.0,,1000.0,0.0,0.0,0.0,,0.0,,0.0,,0.0,0.0,,0.0,0.0,,,,,,,,,,,,,,500.0,,2000.0,0.0,0.0,0.0,,0.0,,0.0,,0.0,0.0,,0.0,0.0,,,,,,,,,,,,,,1000.0,,2000.0,0.0,0.0,0.0,,0.0,,0.0,,0.0,0.0,,0.0,0.0,,,,,,,,,,,,,,2000.0
2005-01-01,,3000.0,7600.0,100.0,22400.0,,4000.0,,500.0,,3000.0,120.0,,2300.0,200.0,,,,,,,,,,,,,,1500.0,,200.0,0.0,0.0,0.0,,0.0,,0.0,,0.0,0.0,,0.0,0.0,,,,,,,,,,,,,,100.0,,300.0,0.0,0.0,0.0,,0.0,,0.0,,0.0,0.0,,0.0,0.0,,,,,,,,,,,,,,140.0,,1500.0,0.0,0.0,0.0,,0.0,,0.0,,0.0,0.0,,0.0,0.0,,,,,,,,,,,,,,1400.0
2006-01-01,,3000.0,7600.0,100.0,22400.0,,4000.0,,500.0,,3000.0,150.0,,2300.0,200.0,,,,,,,,,,,,,,1500.0,,150.0,0.0,0.0,0.0,,0.0,,0.0,,0.0,0.0,,0.0,0.0,,,,,,,,,,,,,,500.0,,210.0,0.0,0.0,0.0,,0.0,,0.0,,0.0,0.0,,0.0,0.0,,,,,,,,,,,,,,750.0,,1400.0,0.0,0.0,0.0,,0.0,,0.0,,0.0,0.0,,0.0,0.0,,,,,,,,,,,,,,1500.0
2007-01-01,,2300.0,7600.0,,22400.0,,4000.0,,500.0,,3000.0,,,2300.0,200.0,,,,,,,,,,,,,,1300.0,,300.0,0.0,,0.0,,0.0,,0.0,,0.0,,,0.0,0.0,,,,,,,,,,,,,,100.0,,900.0,0.0,,0.0,,0.0,,0.0,,0.0,,,0.0,0.0,,,,,,,,,,,,,,300.0,,3000.0,0.0,,0.0,,0.0,,0.0,,0.0,,,0.0,0.0,,,,,,,,,,,,,,3000.0
2008-01-01,,1000.0,6000.0,,15000.0,,4000.0,,500.0,,3000.0,,,2300.0,200.0,,,,,,,,,,,,,,500.0,,100.0,0.0,,0.0,,0.0,,0.0,,0.0,,,0.0,0.0,,,,,,,,,,,,,,50.0,,100.0,0.0,,0.0,,0.0,,0.0,,0.0,,,0.0,0.0,,,,,,,,,,,,,,50.0,,1000.0,0.0,,0.0,,0.0,,0.0,,0.0,,,0.0,0.0,,,,,,,,,,,,,,1000.0
2009-01-01,,800.0,500.0,,10000.0,,1600.0,,,,1200.0,,,900.0,,,,,,,,,,,,,,,350.0,,50.0,0.0,,0.0,,0.0,,,,0.0,,,0.0,,,,,,,,,,,,,,,50.0,,35.0,0.0,,0.0,,0.0,,,,0.0,,,0.0,,,,,,,,,,,,,,,40.0,,700.0,0.0,,0.0,,0.0,,,,0.0,,,0.0,,,,,,,,,,,,,,,800.0
2010-01-01,,500.0,3000.0,,10000.0,,1600.0,,,,1200.0,,,900.0,,,,,,,,,,,,,,,250.0,,100.0,0.0,,0.0,,0.0,,,,0.0,,,0.0,,,,,,,,,,,,,,,50.0,,170.0,0.0,,0.0,,0.0,,,,0.0,,,0.0,,,,,,,,,,,,,,,90.0,,1700.0,0.0,,0.0,,0.0,,,,0.0,,,0.0,,,,,,,,,,,,,,,1800.0
2011-01-01,,1500.0,3000.0,,10000.0,,,,,,,,,,,,,,,,,,,,,,,,600.0,,200.0,0.0,,0.0,,,,,,,,,,,,,,,,,,,,,,,,100.0,,300.0,0.0,,0.0,,,,,,,,,,,,,,,,,,,,,,,,150.0,,1500.0,0.0,,0.0,,,,,,,,,,,,,,,,,,,,,,,,1500.0
2012-01-01,,1000.0,2000.0,,10000.0,,,,,,,,,,,,,,,,,,,,,,,,600.0,,100.0,200.0,,200.0,,,,,,,,,,,,,,,,,,,,,,,,100.0,,200.0,300.0,,280.0,,,,,,,,,,,,,,,,,,,,,,,,200.0,,2000.0,1500.0,,1400.0,,,,,,,,,,,,,,,,,,,,,,,,2000.0
2013-01-01,,93400.0,6960.0,,37500.0,,200.0,,,,,,,300.0,,,,,,,,,,,,,,,4100.0,,9300.0,195.0,,500.0,,200.0,,,,,,,300.0,,,,,,,,,,,,,,,300.0,,13950.0,200.0,,500.0,,160.0,,,,,,,210.0,,,,,,,,,,,,,,,450.0,,1500.0,1026.0,,1000.0,,800.0,,,,,,,700.0,,,,,,,,,,,,,,,1500.0
2014-01-01,,80000.0,2000.0,,10000.0,,270.0,,,,,,,300.0,,,,,,,,,,,,,,,16400.0,,2000.0,1812.0,,500.0,,0.0,,,,,,,0.0,,,,,,,,,,,,,,,400.0,,5000.0,2718.0,,750.0,,0.0,,,,,,,0.0,,,,,,,,,,,,,,,1120.0,,2500.0,1500.0,,1500.0,,0.0,,,,,,,0.0,,,,,,,,,,,,,,,2800.0
2015-01-01,,80000.0,2000.0,950.0,10000.0,,100.0,,,,,1100.0,,650.0,,,,,,,,,,,,,,,17000.0,,1500.0,300.0,150.0,1000.0,,100.0,,,,,150.0,,0.0,,,,,,,,,,,,,,,1000.0,,3300.0,450.0,360.0,1500.0,,170.0,,,,,375.0,,0.0,,,,,,,,,,,,,,,2400.0,,2200.0,1500.0,2400.0,1500.0,,1700.0,,,,,2500.0,,0.0,,,,,,,,,,,,,,,2400.0
2016-01-01,,85000.0,6000.0,2400.0,15000.0,,100.0,,,,,1850.0,,650.0,,,,,,,,,,,,,,,25000.0,,2500.0,1000.0,700.0,1000.0,,0.0,,,,,950.0,,0.0,,,,,,,,,,,,,,,1000.0,,6250.0,1800.0,2380.0,1800.0,,0.0,,,,,3515.0,,0.0,,,,,,,,,,,,,,,2500.0,,2500.0,1800.0,3400.0,1800.0,,0.0,,,,,3700.0,,0.0,,,,,,,,,,,,,,,2500.0
2017-01-01,,50000.0,6000.0,3200.0,15000.0,,700.0,,1000.0,,800.0,3300.0,,700.0,,,,,,,,,,,,,,,30000.0,,3000.0,1000.0,200.0,1000.0,,0.0,,1000.0,,800.0,300.0,,0.0,,,,,,,,,,,,,,,1000.0,,9600.0,1500.0,760.0,1500.0,,0.0,,1700.0,,1760.0,1140.0,,0.0,,,,,,,,,,,,,,,3000.0,,3200.0,1500.0,3800.0,1500.0,,0.0,,1700.0,,2200.0,3800.0,,0.0,,,,,,,,,,,,,,,3000.0
2018-01-01,,50000.0,6000.0,1300.0,15000.0,1684.0,100.0,1241.0,250.0,,3000.0,3300.0,,700.0,,,,,,,,,,,,,,,30000.0,,2000.0,500.0,250.0,500.0,1684.0,0.0,1203.0,250.0,,3000.0,1200.0,,0.0,,,,,,,,,,,,,,,1500.0,,5200.0,750.0,675.0,650.0,3536.0,0.0,2647.0,450.0,,4800.0,2640.0,,0.0,,,,,,,,,,,,,,,3300.0,,2600.0,1500.0,2700.0,1300.0,2100.0,0.0,2200.0,1800.0,,1600.0,2200.0,,0.0,,,,,,,,,,,,,,,2200.0
2019-01-01,1200.0,133745.0,33000.0,4627.0,114000.0,844.0,4700.0,865.0,200.0,,5200.0,4959.0,,2900.0,,1534.0,422.0,6977.0,2508.0,4939.0,,,,,,,,,23681.0,50.0,49627.0,2000.0,1377.0,3150.0,324.0,2200.0,615.0,0.0,,3200.0,2259.0,,0.0,,1023.0,0.0,3077.0,1758.0,1949.0,,,,,,,,,4798.0,75.0,124068.0,3000.0,4131.0,4725.0,648.0,5280.0,1230.0,0.0,,7040.0,6777.0,,0.0,,2046.0,0.0,6154.0,3516.0,3898.0,,,,,,,,,10556.0,1500.0,2500.0,1500.0,3000.0,1500.0,2000.0,2400.0,2000.0,0.0,,2200.0,3000.0,,0.0,,2000.0,0.0,2000.0,2000.0,2000.0,,,,,,,,,2200.0
2020-01-01,1200.0,125443.0,33000.0,7960.0,114000.0,1600.0,4750.0,1500.0,100.0,,6400.0,11200.0,,7000.0,600.0,1650.0,400.0,7500.0,3000.0,6000.0,,,,,,,,,13939.0,50.0,18816.0,1000.0,4160.0,2000.0,650.0,550.0,300.0,100.0,,700.0,4700.0,,1600.0,600.0,250.0,40.0,1800.0,300.0,2500.0,,,,,,,,,2091.0,50.0,37632.0,1200.0,6656.0,2400.0,1040.0,550.0,480.0,120.0,,980.0,6580.0,,1920.0,480.0,400.0,60.0,2880.0,480.0,4000.0,,,,,,,,,5018.0,1000.0,2000.0,1200.0,1600.0,1200.0,1600.0,1000.0,1600.0,1200.0,,1400.0,1400.0,,1200.0,800.0,1600.0,1500.0,1600.0,1600.0,1600.0,,,,,,,,,2400.0
2021-01-01,1200.0,251138.0,33000.0,15896.0,114000.0,1600.0,14000.0,1500.0,6000.0,,12000.0,13906.0,,8000.0,600.0,1650.0,400.0,7500.0,3000.0,6000.0,,,,,,,,,69718.0,50.0,16684.0,1000.0,438.0,1000.0,730.0,3600.0,870.0,0.0,,5000.0,563.0,,1500.0,0.0,700.0,100.0,2320.0,1050.0,2420.0,,,,,,,,,12049.0,75.0,33368.0,1500.0,1840.0,1300.0,1898.0,6840.0,2436.0,0.0,,9000.0,2252.0,,2850.0,0.0,1750.0,200.0,4176.0,2520.0,4840.0,,,,,,,,,28918.0,1500.0,2000.0,1500.0,4201.0,1300.0,2600.0,1900.0,2800.0,0.0,,1800.0,4000.0,,1900.0,0.0,2500.0,2000.0,1800.0,2400.0,2000.0,,,,,,,,,2400.0
2022-01-01,1200.0,205299.0,33000.0,18316.0,114000.0,1600.0,8000.0,1500.0,3000.0,,8000.0,15260.0,,6000.0,500.0,1500.0,400.0,7500.0,3000.0,6000.0,,,,,,,,,61109.0,50.0,11300.0,700.0,1216.0,500.0,730.0,1000.0,620.0,500.0,,1000.0,5207.0,,1000.0,500.0,800.0,0.0,1220.0,850.0,470.0,,,,,,,,,10236.0,40.0,21470.0,700.0,1824.0,500.0,1314.0,1000.0,1178.0,500.0,,1100.0,7811.0,,1000.0,500.0,1440.0,0.0,1708.0,1275.0,658.0,,,,,,,,,21496.0,800.0,1900.0,1000.0,1500.0,1000.0,1800.0,1000.0,1900.0,1000.0,,1100.0,1500.0,,1000.0,1000.0,1800.0,0.0,1400.0,1500.0,1400.0,,,,,,,,,2100.0
2023-01-01,1200.0,228943.0,33000.0,9850.0,114000.0,12000.0,6000.0,8900.0,1800.0,,11300.0,5600.0,,13000.0,500.0,3200.0,200.0,1200.0,5000.0,600.0,,,,,,,,,49858.0,50.0,3608.0,200.0,1050.0,500.0,700.0,1500.0,2000.0,500.0,,2300.0,800.0,,5000.0,400.0,450.0,15.0,120.0,170.0,50.0,,,,,,,,,0.0,50.0,6855.0,200.0,2625.0,500.0,1190.0,1650.0,3600.0,550.0,,2300.0,1920.0,,5500.0,360.0,720.0,15.0,144.0,238.0,50.0,,,,,,,,,0.0,1000.0,1900.0,1000.0,2500.0,1000.0,1700.0,1100.0,1800.0,1100.0,,1000.0,2400.0,,1100.0,900.0,1600.0,1000.0,1200.0,1400.0,1000.0,,,,,,,,,0.0
2024-01-01,1200.0,172795.0,33000.0,10000.0,130000.0,13250.0,6000.0,11550.0,2000.0,,10000.0,4700.0,,6000.0,500.0,4950.0,290.0,2200.0,6000.0,1800.0,,,,,,,,,38495.0,50.0,4632.0,1000.0,600.0,2000.0,4850.0,1500.0,5050.0,500.0,,5000.0,950.0,,2000.0,500.0,2500.0,80.0,420.0,1400.0,250.0,,,,,,,,,0.0,60.0,8801.0,1500.0,2040.0,3000.0,7275.0,2250.0,11110.0,750.0,,7500.0,3040.0,,3000.0,750.0,4500.0,88.0,504.0,1680.0,250.0,,,,,,,,,0.0,1200.0,1900.0,1500.0,3400.0,1500.0,1500.0,1500.0,2200.0,1500.0,,1500.0,3200.0,,1500.0,1500.0,1800.0,1100.0,1200.0,1200.0,1000.0,,,,,,,,,0.0
