,superficie_sembrada_ha_centeno_9 de Julio_Santa Fe,superficie_sembrada_ha_centeno_Belgrano_Santa Fe,superficie_sembrada_ha_centeno_Capital_Santa Fe,superficie_sembrada_ha_centeno_Caseros_Santa Fe,superficie_sembrada_ha_centeno_Castellanos_Santa Fe,superficie_sembrada_ha_centeno_General López_Santa Fe,superficie_sembrada_ha_centeno_Iriondo_Santa Fe,superficie_sembrada_ha_centeno_Las Colonias_Santa Fe,superficie_sembrada_ha_centeno_San Cristóbal_Santa Fe,superficie_sembrada_ha_centeno_San Javier_Santa Fe,superficie_sembrada_ha_centeno_San Jerónimo_Santa Fe,superficie_sembrada_ha_centeno_San Justo_Santa Fe,superficie_sembrada_ha_centeno_San Lorenzo_Santa Fe,superficie_sembrada_ha_centeno_San Martín_Santa Fe,superficie_sembrada_ha_centeno_Rosario_Santa Fe,superficie_sembrada_ha_centeno_Constitución_Santa Fe,superficie_sembrada_ha_centeno_Vera_Santa Fe,superficie_sembrada_ha_centeno_Garay_Santa Fe,superficie_sembrada_ha_centeno_General Obligado_Santa Fe,superficie_sembrada_ha_centeno_La Capital_Santa Fe,superficie_sembrada_ha_centeno_otros departamentos_Santa Fe,superficie_cosechada_ha_centeno_9 de Julio_Santa Fe,superficie_cosechada_ha_centeno_Belgrano_Santa Fe,superficie_cosechada_ha_centeno_Capital_Santa Fe,superficie_cosechada_ha_centeno_Caseros_Santa Fe,superficie_cosechada_ha_centeno_Castellanos_Santa Fe,superficie_cosechada_ha_centeno_General López_Santa Fe,superficie_cosechada_ha_centeno_Iriondo_Santa Fe,superficie_cosechada_ha_centeno_Las Colonias_Santa Fe,superficie_cosechada_ha_centeno_San Cristóbal_Santa Fe,superficie_cosechada_ha_centeno_San Javier_Santa Fe,superficie_cosechada_ha_centeno_San Jerónimo_Santa Fe,superficie_cosechada_ha_centeno_San Justo_Santa Fe,superficie_cosechada_ha_centeno_San Lorenzo_Santa Fe,superficie_cosechada_ha_centeno_San Martín_Santa Fe,superficie_cosechada_ha_centeno_Rosario_Santa Fe,superficie_cosechada_ha_centeno_Constitución_Santa Fe,superficie_cosechada_ha_centeno_Vera_Santa Fe,superficie_cosechada_ha_centeno_Garay_Santa Fe,superficie_cosechada_ha_centeno_General Obligado_Santa Fe,superficie_cosechada_ha_centeno_La Capital_Santa Fe,superficie_cosechada_ha_centeno_otros departamentos_Santa Fe,produccion_tm_centeno_9 de Julio_Santa Fe,produccion_tm_centeno_Belgrano_Santa Fe,produccion_tm_centeno_Capital_Santa Fe,produccion_tm_centeno_Caseros_Santa Fe,produccion_tm_centeno_Castellanos_Santa Fe,produccion_tm_centeno_General López_Santa Fe,produccion_tm_centeno_Iriondo_Santa Fe,produccion_tm_centeno_Las Colonias_Santa Fe,produccion_tm_centeno_San Cristóbal_Santa Fe,produccion_tm_centeno_San Javier_Santa Fe,produccion_tm_centeno_San Jerónimo_Santa Fe,produccion_tm_centeno_San Justo_Santa Fe,produccion_tm_centeno_San Lorenzo_Santa Fe,produccion_tm_centeno_San Martín_Santa Fe,produccion_tm_centeno_Rosario_Santa Fe,produccion_tm_centeno_Constitución_Santa Fe,produccion_tm_centeno_Vera_Santa Fe,produccion_tm_centeno_Garay_Santa Fe,produccion_tm_centeno_General Obligado_Santa Fe,produccion_tm_centeno_La Capital_Santa Fe,produccion_tm_centeno_otros departamentos_Santa Fe,rendimiento_kgxha_centeno_9 de Julio_Santa Fe,rendimiento_kgxha_centeno_Belgrano_Santa Fe,rendimiento_kgxha_centeno_Capital_Santa Fe,rendimiento_kgxha_centeno_Caseros_Santa Fe,rendimiento_kgxha_centeno_Castellanos_Santa Fe,rendimiento_kgxha_centeno_General López_Santa Fe,rendimiento_kgxha_centeno_Iriondo_Santa Fe,rendimiento_kgxha_centeno_Las Colonias_Santa Fe,rendimiento_kgxha_centeno_San Cristóbal_Santa Fe,rendimiento_kgxha_centeno_San Javier_Santa Fe,rendimiento_kgxha_centeno_San Jerónimo_Santa Fe,rendimiento_kgxha_centeno_San Justo_Santa Fe,rendimiento_kgxha_centeno_San Lorenzo_Santa Fe,rendimiento_kgxha_centeno_San Martín_Santa Fe,rendimiento_kgxha_centeno_Rosario_Santa Fe,rendimiento_kgxha_centeno_Constitución_Santa Fe,rendimiento_kgxha_centeno_Vera_Santa Fe,rendimiento_kgxha_centeno_Garay_Santa Fe,rendimiento_kgxha_centeno_General Obligado_Santa Fe,rendimiento_kgxha_centeno_La Capital_Santa Fe,rendimiento_kgxha_centeno_otros departamentos_Santa Fe
1923-01-01,200.0,400.0,100.0,50.0,4000.0,700.0,40.0,1500.0,750.0,10.0,150.0,200.0,20.0,2800.0,,,,,,,,180.0,390.0,86.0,43.0,3940.0,690.0,30.0,1470.0,740.0,5.0,140.0,180.0,14.0,2750.0,,,,,,,,81.0,292.0,60.0,32.0,2600.0,386.0,23.0,808.0,370.0,3.0,84.0,90.0,12.0,1650.0,,,,,,,,450.0,750.0,700.0,750.0,660.0,560.0,770.0,550.0,500.0,600.0,600.0,500.0,800.0,600.0,,,,,,,
1924-01-01,250.0,50.0,,50.0,5200.0,200.0,50.0,2000.0,700.0,,200.0,50.0,50.0,3000.0,,,,,,,,50.0,10.0,,10.0,1084.0,40.0,10.0,400.0,140.0,,40.0,10.0,10.0,600.0,,,,,,,,27.0,5.0,,5.0,542.0,18.0,6.0,216.0,78.0,,32.0,3.0,6.0,360.0,,,,,,,,0.0,500.0,,500.0,500.0,450.0,600.0,540.0,560.0,,800.0,300.0,600.0,600.0,,,,,,,
1925-01-01,450.0,280.0,,,4000.0,87.0,4.0,2000.0,1204.0,,45.0,,120.0,3800.0,10.0,,,,,,,310.0,190.0,,,2800.0,60.0,4.0,1365.0,825.0,,31.0,,85.0,2520.0,10.0,,,,,,,200.0,133.0,,,1838.0,48.0,3.0,1065.0,536.0,,22.0,,61.0,1688.0,6.0,,,,,,,650.0,700.0,,,656.0,800.0,750.0,780.0,650.0,,700.0,,720.0,670.0,600.0,,,,,,
1926-01-01,310.0,200.0,50.0,500.0,2820.0,1000.0,50.0,2500.0,2000.0,,100.0,300.0,100.0,2530.0,10.0,10.0,,,,,,50.0,140.0,40.0,370.0,2430.0,900.0,20.0,2000.0,1200.0,,80.0,230.0,50.0,2030.0,0.0,10.0,,,,,,15.0,112.0,28.0,444.0,1944.0,730.0,16.0,1600.0,900.0,,53.0,168.0,37.0,1641.0,0.0,12.0,,,,,,300.0,800.0,700.0,1200.0,800.0,811.0,800.0,800.0,750.0,,630.0,730.0,740.0,808.0,0.0,1200.0,,,,,
1927-01-01,315.0,440.0,5.0,300.0,5500.0,1200.0,50.0,4700.0,2470.0,70.0,40.0,30.0,80.0,4200.0,,,,,,,,32.0,200.0,4.0,200.0,1650.0,1000.0,20.0,1410.0,988.0,7.0,40.0,0.0,20.0,2000.0,,,,,,,,10.0,120.0,3.0,160.0,1281.0,800.0,12.0,896.0,607.0,3.0,24.0,0.0,14.0,1170.0,,,,,,,,312.0,600.0,750.0,800.0,776.0,800.0,600.0,635.0,614.0,429.0,600.0,0.0,700.0,585.0,,,,,,,
1928-01-01,1140.0,500.0,100.0,300.0,7300.0,1500.0,500.0,5800.0,5400.0,260.0,200.0,320.0,200.0,4400.0,100.0,100.0,200.0,,,,,240.0,150.0,30.0,180.0,850.0,900.0,50.0,520.0,700.0,60.0,100.0,120.0,50.0,1330.0,20.0,20.0,0.0,,,,,180.0,180.0,25.0,216.0,595.0,1014.0,45.0,390.0,490.0,30.0,125.0,90.0,50.0,1330.0,20.0,20.0,0.0,,,,,750.0,1200.0,830.0,1200.0,700.0,1127.0,900.0,750.0,700.0,500.0,1250.0,750.0,1000.0,1000.0,1000.0,1000.0,0.0,,,,
1929-01-01,1700.0,500.0,200.0,300.0,7500.0,1500.0,500.0,4000.0,5500.0,300.0,200.0,500.0,200.0,4400.0,100.0,100.0,200.0,,,,,0.0,100.0,100.0,100.0,1000.0,450.0,100.0,700.0,250.0,100.0,50.0,100.0,100.0,1800.0,50.0,50.0,50.0,,,,,0.0,77.0,70.0,80.0,600.0,360.0,80.0,420.0,167.0,75.0,35.0,70.0,80.0,1314.0,37.0,37.0,37.0,,,,,0.0,770.0,700.0,800.0,600.0,800.0,800.0,600.0,668.0,750.0,700.0,700.0,800.0,730.0,740.0,740.0,740.0,,,,
1930-01-01,300.0,600.0,220.0,350.0,5000.0,1700.0,600.0,3500.0,5000.0,520.0,200.0,260.0,250.0,5000.0,100.0,200.0,100.0,200.0,100.0,,,150.0,500.0,150.0,300.0,1000.0,1400.0,500.0,500.0,2000.0,200.0,100.0,200.0,200.0,4500.0,50.0,200.0,60.0,50.0,80.0,,,142.0,500.0,142.0,360.0,940.0,1470.0,550.0,450.0,1900.0,180.0,110.0,170.0,240.0,4725.0,55.0,220.0,57.0,45.0,72.0,,,950.0,1000.0,950.0,1200.0,940.0,1050.0,1100.0,900.0,950.0,900.0,1100.0,850.0,1200.0,1050.0,1100.0,1100.0,950.0,900.0,900.0,,
1931-01-01,300.0,600.0,150.0,350.0,7100.0,1700.0,600.0,6000.0,6500.0,100.0,500.0,380.0,250.0,5000.0,100.0,200.0,,,280.0,,,210.0,250.0,105.0,100.0,4970.0,500.0,150.0,4200.0,4550.0,70.0,120.0,266.0,80.0,1500.0,30.0,60.0,,,196.0,,,210.0,300.0,105.0,119.0,5715.0,625.0,165.0,4620.0,4095.0,59.0,120.0,266.0,108.0,1800.0,45.0,66.0,,,167.0,,,1000.0,1200.0,1000.0,1190.0,1150.0,1250.0,1100.0,1100.0,900.0,850.0,1000.0,1000.0,1350.0,1200.0,1500.0,1100.0,,,850.0,,
1932-01-01,400.0,600.0,200.0,300.0,6200.0,1000.0,600.0,6300.0,7150.0,400.0,500.0,200.0,250.0,5000.0,100.0,150.0,,,200.0,,,100.0,500.0,0.0,250.0,1240.0,900.0,500.0,1260.0,1400.0,50.0,450.0,0.0,200.0,4000.0,100.0,100.0,,,0.0,,,60.0,475.0,0.0,237.0,496.0,990.0,475.0,605.0,560.0,18.0,405.0,0.0,200.0,3600.0,90.0,100.0,,,0.0,,,600.0,950.0,0.0,950.0,400.0,1100.0,950.0,480.0,400.0,360.0,900.0,0.0,1000.0,900.0,900.0,1000.0,,,0.0,,
1933-01-01,700.0,700.0,1400.0,400.0,5200.0,1500.0,700.0,10000.0,7200.0,400.0,600.0,1100.0,300.0,5200.0,100.0,200.0,,1000.0,300.0,,,140.0,420.0,140.0,240.0,2000.0,940.0,420.0,1000.0,500.0,0.0,360.0,60.0,180.0,3120.0,60.0,120.0,,100.0,0.0,,,84.0,378.0,84.0,240.0,1200.0,846.0,378.0,600.0,325.0,0.0,324.0,36.0,162.0,2808.0,60.0,110.0,,57.0,0.0,,,600.0,900.0,600.0,1000.0,600.0,900.0,900.0,600.0,650.0,0.0,900.0,600.0,900.0,900.0,1000.0,920.0,,570.0,0.0,,
1934-01-01,1570.0,700.0,1030.0,400.0,11600.0,1500.0,700.0,9560.0,26000.0,,600.0,1100.0,300.0,5200.0,100.0,200.0,,,110.0,,,785.0,525.0,670.0,300.0,8120.0,1125.0,525.0,7650.0,18200.0,,450.0,440.0,225.0,3925.0,75.0,150.0,,,45.0,,,628.0,577.0,670.0,330.0,6902.0,1181.0,577.0,8415.0,18200.0,,450.0,352.0,236.0,3925.0,90.0,150.0,,,29.0,,,800.0,1100.0,1000.0,1100.0,850.0,1050.0,1100.0,1100.0,1000.0,,1000.0,800.0,1050.0,1000.0,1200.0,1000.0,,,650.0,,
1935-01-01,1900.0,700.0,1060.0,400.0,9200.0,3000.0,700.0,3350.0,9500.0,30.0,500.0,850.0,500.0,4000.0,100.0,200.0,1000.0,10.0,,,,760.0,300.0,424.0,150.0,3680.0,1000.0,300.0,1340.0,3800.0,12.0,150.0,340.0,150.0,1000.0,50.0,100.0,400.0,4.0,,,,441.0,195.0,233.0,105.0,2061.0,700.0,195.0,737.0,2032.0,6.0,90.0,194.0,98.0,600.0,35.0,70.0,212.0,2.0,,,,580.0,650.0,550.0,700.0,560.0,700.0,650.0,550.0,535.0,540.0,600.0,570.0,650.0,600.0,700.0,700.0,530.0,550.0,,,
1936-01-01,1200.0,600.0,400.0,100.0,4500.0,8000.0,750.0,2500.0,7000.0,200.0,300.0,500.0,250.0,1500.0,280.0,250.0,30.0,20.0,200.0,,,200.0,300.0,50.0,65.0,2500.0,3000.0,50.0,1000.0,500.0,20.0,70.0,50.0,50.0,1000.0,50.0,250.0,0.0,5.0,0.0,,,100.0,168.0,27.0,55.0,900.0,1890.0,21.0,300.0,130.0,4.0,71.0,20.0,42.0,500.0,70.0,200.0,0.0,2.0,0.0,,,500.0,560.0,550.0,850.0,360.0,630.0,430.0,300.0,260.0,200.0,1020.0,400.0,850.0,500.0,1400.0,800.0,0.0,400.0,0.0,,
1937-01-01,100.0,400.0,350.0,250.0,6000.0,9600.0,100.0,4000.0,7000.0,120.0,200.0,850.0,150.0,1500.0,50.0,100.0,125.0,20.0,100.0,,,5.0,380.0,120.0,250.0,1650.0,3200.0,40.0,500.0,600.0,0.0,100.0,160.0,50.0,750.0,10.0,100.0,0.0,5.0,25.0,,,5.0,456.0,80.0,150.0,495.0,2400.0,52.0,175.0,150.0,0.0,34.0,32.0,36.0,300.0,13.0,120.0,0.0,2.0,5.0,,,1000.0,1200.0,670.0,600.0,300.0,750.0,1300.0,350.0,250.0,0.0,340.0,200.0,730.0,400.0,1300.0,1200.0,0.0,350.0,220.0,,
1938-01-01,1000.0,900.0,500.0,350.0,17250.0,5000.0,500.0,7000.0,12600.0,100.0,300.0,1000.0,150.0,3500.0,50.0,100.0,200.0,50.0,100.0,,,100.0,850.0,300.0,350.0,7000.0,4000.0,400.0,2000.0,1600.0,20.0,200.0,100.0,110.0,2000.0,50.0,80.0,0.0,50.0,0.0,,,30.0,935.0,210.0,290.0,6300.0,3600.0,480.0,1600.0,960.0,24.0,180.0,60.0,121.0,2000.0,62.0,88.0,0.0,25.0,0.0,,,300.0,1100.0,700.0,829.0,900.0,900.0,1200.0,800.0,600.0,1200.0,900.0,600.0,1100.0,1000.0,1250.0,1100.0,0.0,500.0,0.0,,
1939-01-01,700.0,1600.0,700.0,200.0,18000.0,6000.0,1480.0,7000.0,11700.0,,300.0,1800.0,340.0,4000.0,100.0,60.0,200.0,,,,,0.0,600.0,560.0,198.0,5884.0,4550.0,280.0,2400.0,1350.0,,100.0,100.0,83.0,2730.0,83.0,10.0,0.0,,,,,0.0,360.0,140.0,155.0,1530.0,3445.0,140.0,600.0,270.0,,30.0,30.0,49.0,700.0,50.0,5.0,0.0,,,,,0.0,600.0,250.0,782.0,260.0,757.0,500.0,250.0,200.0,,300.0,300.0,590.0,256.0,600.0,500.0,0.0,,,,
1940-01-01,500.0,2170.0,1000.0,500.0,21500.0,14500.0,1800.0,9000.0,10000.0,110.0,3000.0,1200.0,280.0,4000.0,200.0,100.0,200.0,100.0,,,,200.0,830.0,300.0,200.0,4000.0,6000.0,720.0,2000.0,1510.0,0.0,700.0,100.0,190.0,1500.0,3.0,7.0,0.0,0.0,,,,120.0,772.0,180.0,180.0,3020.0,4270.0,720.0,1600.0,830.0,0.0,700.0,50.0,190.0,1500.0,2.0,6.0,0.0,0.0,,,,600.0,930.0,600.0,900.0,755.0,712.0,1000.0,800.0,550.0,0.0,1000.0,500.0,1000.0,1000.0,800.0,800.0,0.0,0.0,,,
1941-01-01,2000.0,2550.0,1000.0,500.0,30000.0,16100.0,2200.0,15000.0,15000.0,200.0,3000.0,2000.0,310.0,6000.0,220.0,600.0,200.0,100.0,200.0,,,200.0,1050.0,300.0,120.0,5000.0,4100.0,1000.0,3000.0,3000.0,0.0,400.0,300.0,200.0,2000.0,70.0,100.0,0.0,30.0,0.0,,,80.0,1050.0,202.0,82.0,3000.0,3435.0,900.0,1800.0,1350.0,0.0,240.0,150.0,140.0,1400.0,56.0,100.0,0.0,15.0,0.0,,,400.0,1000.0,673.0,689.0,600.0,838.0,900.0,600.0,450.0,0.0,600.0,500.0,700.0,700.0,800.0,1000.0,0.0,500.0,0.0,,
1942-01-01,2300.0,1286.0,1908.0,718.0,25959.0,11727.0,2272.0,26036.0,17250.0,180.0,1230.0,3000.0,775.0,6488.0,1132.0,116.0,,279.0,,,,300.0,500.0,400.0,200.0,7000.0,11300.0,1000.0,5000.0,3000.0,50.0,500.0,500.0,300.0,1500.0,100.0,50.0,,30.0,,,,150.0,650.0,240.0,140.0,7000.0,10452.0,1100.0,4000.0,1500.0,10.0,500.0,300.0,360.0,1350.0,100.0,50.0,,15.0,,,,500.0,1300.0,600.0,700.0,1000.0,925.0,1100.0,800.0,500.0,200.0,1000.0,600.0,1200.0,900.0,1000.0,1000.0,,500.0,,,
1943-01-01,2000.0,1500.0,2500.0,500.0,40000.0,12100.0,2700.0,25000.0,20000.0,330.0,2000.0,4000.0,900.0,10000.0,1200.0,250.0,,300.0,,,,0.0,400.0,1100.0,200.0,8000.0,7250.0,900.0,1300.0,1600.0,30.0,500.0,700.0,200.0,2030.0,200.0,50.0,,0.0,,,,0.0,400.0,385.0,180.0,3494.0,5800.0,990.0,858.0,700.0,30.0,340.0,280.0,170.0,1218.0,280.0,40.0,,0.0,,,,0.0,1000.0,350.0,900.0,437.0,800.0,1100.0,660.0,438.0,1000.0,680.0,400.0,850.0,600.0,1420.0,800.0,,0.0,,,
1944-01-01,2000.0,1500.0,3500.0,500.0,35000.0,12100.0,2700.0,14545.0,18750.0,110.0,1500.0,5355.0,900.0,2000.0,1200.0,250.0,,400.0,40.0,,,0.0,1400.0,400.0,100.0,6500.0,5100.0,1500.0,2500.0,2000.0,30.0,300.0,350.0,50.0,1600.0,240.0,200.0,,100.0,30.0,,,0.0,1260.0,240.0,105.0,3250.0,3065.0,1200.0,1000.0,1600.0,18.0,120.0,88.0,40.0,672.0,224.0,180.0,,50.0,18.0,,,0.0,900.0,600.0,1050.0,500.0,601.0,800.0,400.0,800.0,600.0,400.0,250.0,800.0,420.0,933.0,900.0,,500.0,600.0,,
1945-01-01,,1500.0,2000.0,500.0,8000.0,12100.0,2700.0,11500.0,16100.0,110.0,1100.0,2000.0,900.0,4300.0,1200.0,250.0,,200.0,40.0,,,,200.0,500.0,300.0,2000.0,7260.0,400.0,2000.0,1500.0,30.0,800.0,500.0,100.0,2150.0,100.0,0.0,,30.0,30.0,,,,136.0,250.0,210.0,400.0,6534.0,280.0,1000.0,1050.0,15.0,400.0,200.0,47.0,645.0,95.0,0.0,,13.0,15.0,,,,680.0,500.0,700.0,200.0,900.0,700.0,500.0,700.0,500.0,500.0,400.0,470.0,300.0,950.0,0.0,,450.0,500.0,,
1946-01-01,1000.0,3000.0,1000.0,1500.0,15000.0,23000.0,2000.0,16000.0,7000.0,100.0,2000.0,4200.0,600.0,9000.0,400.0,140.0,50.0,150.0,50.0,,,200.0,1400.0,200.0,580.0,5000.0,8500.0,1000.0,3000.0,700.0,0.0,700.0,200.0,240.0,5000.0,115.0,70.0,0.0,45.0,0.0,,,80.0,994.0,40.0,452.0,2500.0,4845.0,675.0,1410.0,140.0,0.0,420.0,40.0,155.0,2750.0,88.0,42.0,0.0,9.0,0.0,,,400.0,710.0,200.0,780.0,500.0,570.0,675.0,470.0,200.0,0.0,600.0,200.0,645.0,550.0,765.0,600.0,0.0,200.0,0.0,,
1947-01-01,1600.0,3000.0,1100.0,1500.0,23000.0,30000.0,2000.0,15000.0,13000.0,150.0,2200.0,3500.0,600.0,11000.0,400.0,160.0,50.0,100.0,,,,400.0,1100.0,500.0,500.0,6000.0,9000.0,650.0,3000.0,1000.0,0.0,700.0,300.0,300.0,3500.0,120.0,50.0,0.0,30.0,,,,160.0,1110.0,275.0,400.0,3900.0,7650.0,550.0,2100.0,400.0,0.0,595.0,150.0,270.0,2450.0,120.0,50.0,0.0,20.0,,,,400.0,1009.0,550.0,800.0,650.0,850.0,846.0,700.0,400.0,0.0,850.0,500.0,900.0,700.0,1000.0,1000.0,0.0,667.0,,,
1948-01-01,2800.0,3900.0,2500.0,1600.0,23000.0,10000.0,2500.0,22000.0,12000.0,200.0,3300.0,5500.0,1000.0,15000.0,300.0,300.0,50.0,150.0,,,,50.0,800.0,200.0,600.0,300.0,4100.0,450.0,700.0,300.0,10.0,500.0,200.0,150.0,2000.0,50.0,120.0,10.0,30.0,,,,15.0,680.0,50.0,600.0,120.0,3403.0,385.0,280.0,60.0,3.0,340.0,70.0,150.0,800.0,75.0,90.0,3.0,15.0,,,,300.0,850.0,250.0,600.0,400.0,830.0,856.0,400.0,200.0,300.0,680.0,350.0,1000.0,400.0,1500.0,750.0,300.0,500.0,,,
1949-01-01,3000.0,4000.0,4500.0,2400.0,38000.0,31300.0,2600.0,33000.0,30000.0,50.0,7000.0,9000.0,1250.0,17000.0,550.0,400.0,130.0,170.0,,,,1000.0,2000.0,2000.0,1200.0,20000.0,16000.0,1000.0,13000.0,10000.0,0.0,3000.0,4000.0,350.0,10000.0,150.0,200.0,0.0,100.0,,,,350.0,2200.0,1300.0,1200.0,14000.0,12800.0,1150.0,9750.0,4500.0,0.0,2550.0,2000.0,350.0,8500.0,180.0,220.0,0.0,50.0,,,,350.0,1100.0,650.0,1000.0,700.0,800.0,1150.0,750.0,450.0,0.0,850.0,500.0,1000.0,850.0,1200.0,1100.0,0.0,500.0,,,
1950-01-01,4500.0,3100.0,4500.0,2800.0,36000.0,42700.0,3000.0,33000.0,41000.0,200.0,5500.0,11600.0,1700.0,16500.0,700.0,500.0,350.0,600.0,50.0,,,500.0,1000.0,1800.0,1700.0,18000.0,21350.0,1000.0,19800.0,12300.0,0.0,2200.0,2320.0,380.0,9900.0,100.0,250.0,0.0,100.0,0.0,,,150.0,900.0,900.0,1785.0,11700.0,22417.0,1000.0,14850.0,3075.0,0.0,1430.0,928.0,380.0,7920.0,125.0,300.0,0.0,40.0,0.0,,,300.0,900.0,500.0,1050.0,650.0,1050.0,1000.0,750.0,250.0,0.0,650.0,400.0,1000.0,800.0,1250.0,1200.0,0.0,400.0,0.0,,
1951-01-01,3000.0,2000.0,2800.0,3000.0,12000.0,43000.0,1900.0,17000.0,27000.0,250.0,2600.0,8500.0,2000.0,10000.0,600.0,500.0,300.0,700.0,50.0,,,0.0,600.0,100.0,1000.0,200.0,10000.0,500.0,100.0,50.0,0.0,100.0,50.0,300.0,500.0,100.0,200.0,0.0,50.0,0.0,,,0.0,240.0,25.0,800.0,50.0,7000.0,300.0,40.0,15.0,0.0,35.0,10.0,255.0,150.0,60.0,100.0,0.0,20.0,0.0,,,0.0,400.0,250.0,800.0,250.0,700.0,600.0,400.0,300.0,0.0,350.0,200.0,850.0,300.0,600.0,500.0,0.0,400.0,0.0,,
1952-01-01,2000.0,2500.0,3200.0,3000.0,21000.0,43000.0,1900.0,18000.0,31000.0,250.0,3900.0,6000.0,1800.0,12000.0,700.0,1000.0,250.0,800.0,100.0,,,1700.0,1000.0,2800.0,1500.0,12000.0,21500.0,1100.0,15500.0,28000.0,250.0,2800.0,5600.0,1100.0,6800.0,400.0,200.0,250.0,700.0,100.0,,,150.0,1620.0,220.0,1650.0,6480.0,23650.0,800.0,1875.0,1500.0,0.0,935.0,200.0,560.0,4420.0,300.0,880.0,0.0,60.0,0.0,,,500.0,1080.0,550.0,1100.0,720.0,1100.0,1000.0,750.0,500.0,0.0,850.0,500.0,800.0,850.0,1000.0,1100.0,0.0,600.0,0.0,,
1953-01-01,8000.0,2700.0,4500.0,3000.0,42000.0,43000.0,3000.0,32000.0,50000.0,100.0,5400.0,12000.0,1900.0,21000.0,1000.0,1100.0,800.0,800.0,200.0,,,200.0,1000.0,400.0,1500.0,2400.0,21000.0,1200.0,800.0,500.0,0.0,250.0,600.0,700.0,2800.0,400.0,500.0,0.0,50.0,0.0,,,60.0,900.0,200.0,1200.0,840.0,18900.0,1080.0,400.0,150.0,0.0,125.0,240.0,630.0,1400.0,400.0,450.0,0.0,25.0,0.0,,,300.0,900.0,500.0,800.0,350.0,900.0,900.0,500.0,300.0,0.0,500.0,400.0,900.0,500.0,1000.0,900.0,0.0,500.0,0.0,,
1954-01-01,7500.0,5600.0,6500.0,2500.0,48000.0,40000.0,3600.0,41500.0,59000.0,400.0,7000.0,,2200.0,26000.0,1200.0,1400.0,14900.0,600.0,200.0,,,300.0,2000.0,400.0,1000.0,10000.0,16000.0,1400.0,3000.0,5000.0,0.0,1600.0,,600.0,7000.0,300.0,500.0,1000.0,0.0,0.0,,,90.0,2200.0,240.0,900.0,8200.0,12800.0,1540.0,2100.0,2600.0,0.0,1360.0,,600.0,6300.0,360.0,500.0,510.0,0.0,0.0,,,300.0,1100.0,600.0,900.0,820.0,800.0,1100.0,700.0,520.0,0.0,850.0,,1000.0,900.0,1200.0,1000.0,510.0,0.0,0.0,,
1955-01-01,8000.0,5800.0,6000.0,2100.0,54000.0,38000.0,3700.0,46000.0,60000.0,400.0,9000.0,13000.0,2300.0,28000.0,1300.0,1500.0,1000.0,100.0,100.0,,,600.0,3200.0,400.0,900.0,6000.0,15800.0,2000.0,3500.0,3000.0,0.0,1400.0,500.0,1200.0,5500.0,600.0,700.0,0.0,0.0,0.0,,,180.0,2720.0,280.0,900.0,3900.0,10270.0,1600.0,2730.0,1200.0,0.0,1470.0,300.0,1140.0,4070.0,510.0,630.0,0.0,0.0,0.0,,,300.0,850.0,700.0,1000.0,650.0,650.0,800.0,780.0,400.0,0.0,1050.0,600.0,950.0,740.0,850.0,900.0,0.0,0.0,0.0,,
1956-01-01,9500.0,5800.0,5000.0,2500.0,50000.0,31000.0,3700.0,42000.0,67000.0,300.0,6300.0,10000.0,2400.0,30000.0,1400.0,1500.0,1500.0,400.0,200.0,,,500.0,3500.0,100.0,1400.0,14000.0,9000.0,2200.0,2000.0,6000.0,0.0,600.0,1000.0,1000.0,9000.0,400.0,600.0,100.0,0.0,0.0,,,250.0,4550.0,40.0,1190.0,6440.0,6300.0,2640.0,900.0,1800.0,0.0,300.0,300.0,1050.0,4050.0,440.0,600.0,50.0,0.0,0.0,,,500.0,1300.0,400.0,850.0,460.0,700.0,1200.0,450.0,300.0,0.0,500.0,300.0,1050.0,450.0,1100.0,1000.0,500.0,0.0,0.0,,
1957-01-01,11000.0,6400.0,4500.0,2900.0,56000.0,40000.0,4400.0,38000.0,78000.0,900.0,9000.0,10800.0,3400.0,32000.0,800.0,800.0,2000.0,500.0,300.0,,,300.0,2900.0,200.0,900.0,3000.0,4000.0,1900.0,1800.0,2000.0,50.0,1000.0,800.0,1400.0,1500.0,300.0,300.0,50.0,0.0,0.0,,,165.0,2610.0,120.0,675.0,1200.0,2400.0,1805.0,990.0,700.0,30.0,600.0,320.0,1400.0,675.0,315.0,270.0,25.0,0.0,0.0,,,550.0,900.0,600.0,750.0,400.0,600.0,950.0,550.0,350.0,600.0,600.0,400.0,1000.0,450.0,1050.0,900.0,500.0,0.0,0.0,,
1958-01-01,11000.0,6200.0,4400.0,2500.0,50000.0,46000.0,4100.0,37000.0,78000.0,500.0,10000.0,12000.0,4000.0,32000.0,1000.0,1000.0,1300.0,600.0,200.0,,,100.0,2000.0,100.0,1300.0,300.0,6000.0,1000.0,200.0,100.0,0.0,300.0,100.0,1300.0,1000.0,300.0,400.0,100.0,0.0,0.0,,,20.0,1600.0,30.0,780.0,60.0,4200.0,800.0,100.0,20.0,0.0,90.0,20.0,1105.0,320.0,270.0,360.0,25.0,0.0,0.0,,,200.0,800.0,300.0,600.0,200.0,700.0,800.0,500.0,200.0,0.0,300.0,200.0,850.0,320.0,900.0,900.0,250.0,0.0,0.0,,
1959-01-01,10500.0,7200.0,4500.0,3000.0,50000.0,38000.0,4800.0,39000.0,70000.0,300.0,8000.0,10500.0,3000.0,27000.0,1000.0,900.0,1000.0,,200.0,,,700.0,3400.0,300.0,1500.0,6000.0,15500.0,1900.0,2000.0,4000.0,0.0,1000.0,500.0,900.0,3000.0,300.0,300.0,0.0,,0.0,,,343.0,3570.0,180.0,1275.0,3600.0,13175.0,1957.0,1300.0,2000.0,0.0,650.0,250.0,540.0,1950.0,285.0,225.0,0.0,,0.0,,,490.0,1050.0,600.0,850.0,600.0,850.0,1030.0,650.0,500.0,0.0,650.0,500.0,600.0,650.0,950.0,750.0,0.0,,0.0,,
1960-01-01,10000.0,5400.0,2500.0,2800.0,45000.0,37000.0,3500.0,24000.0,43000.0,250.0,6500.0,7000.0,3300.0,25500.0,1200.0,900.0,1000.0,,150.0,,,0.0,1400.0,100.0,800.0,5000.0,7000.0,500.0,1400.0,1500.0,0.0,1000.0,300.0,600.0,3500.0,200.0,300.0,0.0,,0.0,,,0.0,1050.0,40.0,568.0,2350.0,4900.0,400.0,560.0,450.0,0.0,510.0,90.0,492.0,1575.0,160.0,255.0,0.0,,0.0,,,0.0,750.0,400.0,710.0,470.0,700.0,800.0,400.0,300.0,0.0,510.0,300.0,820.0,450.0,800.0,850.0,0.0,,0.0,,
1961-01-01,6500.0,5800.0,4325.0,4000.0,52000.0,51000.0,4500.0,42000.0,63000.0,500.0,6400.0,10500.0,3800.0,26000.0,1500.0,1200.0,1200.0,275.0,200.0,,,0.0,1300.0,0.0,500.0,1000.0,5000.0,400.0,200.0,100.0,0.0,300.0,50.0,600.0,2000.0,300.0,300.0,0.0,0.0,0.0,,,0.0,1170.0,0.0,300.0,400.0,3500.0,320.0,52.0,26.0,0.0,180.0,22.0,270.0,900.0,150.0,210.0,0.0,0.0,0.0,,,0.0,900.0,0.0,600.0,400.0,700.0,800.0,260.0,260.0,0.0,600.0,430.0,450.0,450.0,500.0,700.0,0.0,0.0,0.0,,
1962-01-01,10000.0,4700.0,4200.0,3000.0,48000.0,54000.0,4500.0,31000.0,44500.0,500.0,7000.0,10200.0,3800.0,23500.0,1450.0,1200.0,1500.0,150.0,200.0,,,0.0,900.0,300.0,500.0,1000.0,9000.0,600.0,600.0,400.0,0.0,500.0,400.0,1000.0,2500.0,300.0,300.0,0.0,0.0,0.0,,,0.0,810.0,120.0,390.0,650.0,5850.0,540.0,288.0,162.0,0.0,325.0,200.0,700.0,1500.0,240.0,225.0,0.0,0.0,0.0,,,0.0,900.0,400.0,780.0,650.0,650.0,100.0,480.0,405.0,0.0,650.0,500.0,700.0,600.0,800.0,750.0,0.0,0.0,0.0,,
1963-01-01,6500.0,4600.0,3600.0,2600.0,49000.0,55000.0,4100.0,28000.0,40000.0,400.0,7200.0,10000.0,3900.0,24500.0,1700.0,1200.0,1200.0,200.0,200.0,,,150.0,1000.0,100.0,400.0,4000.0,10000.0,700.0,1000.0,600.0,0.0,800.0,450.0,400.0,6000.0,200.0,400.0,0.0,0.0,0.0,,,50.0,600.0,38.0,280.0,1440.0,6700.0,420.0,380.0,144.0,0.0,400.0,360.0,208.0,3600.0,120.0,260.0,0.0,0.0,0.0,,,330.0,600.0,380.0,700.0,360.0,670.0,600.0,380.0,240.0,0.0,500.0,800.0,520.0,600.0,600.0,650.0,0.0,0.0,0.0,,
1964-01-01,1000.0,4700.0,3300.0,3000.0,50000.0,60000.0,4000.0,38000.0,38000.0,90.0,7000.0,9000.0,3900.0,25000.0,1700.0,1200.0,200.0,500.0,10.0,,,0.0,1100.0,300.0,500.0,7000.0,10000.0,600.0,2500.0,2500.0,0.0,900.0,500.0,300.0,5000.0,800.0,200.0,0.0,0.0,0.0,,,0.0,1265.0,210.0,650.0,4200.0,10000.0,630.0,1500.0,1625.0,0.0,765.0,315.0,240.0,3000.0,640.0,160.0,0.0,0.0,0.0,,,0.0,1150.0,700.0,1300.0,600.0,1000.0,1050.0,600.0,650.0,0.0,850.0,630.0,800.0,600.0,800.0,800.0,0.0,0.0,0.0,,
1965-01-01,1200.0,4500.0,4500.0,2500.0,60000.0,60000.0,3600.0,42000.0,27000.0,100.0,8000.0,8200.0,4200.0,31000.0,1800.0,1200.0,250.0,1000.0,50.0,,,0.0,800.0,100.0,300.0,4000.0,6000.0,600.0,200.0,300.0,0.0,1000.0,200.0,600.0,4000.0,200.0,400.0,0.0,0.0,0.0,,,0.0,600.0,31.0,300.0,1600.0,5700.0,459.0,90.0,90.0,0.0,570.0,120.0,300.0,1800.0,100.0,240.0,0.0,0.0,0.0,,,0.0,750.0,310.0,1000.0,400.0,950.0,765.0,450.0,300.0,0.0,570.0,600.0,500.0,450.0,500.0,600.0,0.0,0.0,0.0,,
1966-01-01,3000.0,4500.0,2500.0,2000.0,62000.0,60000.0,3600.0,28000.0,26700.0,50.0,8200.0,5000.0,4300.0,32000.0,1900.0,1200.0,700.0,300.0,50.0,,,0.0,500.0,60.0,200.0,2500.0,6000.0,300.0,700.0,500.0,0.0,500.0,340.0,500.0,2000.0,200.0,200.0,0.0,0.0,0.0,,,0.0,225.0,30.0,140.0,1000.0,4200.0,150.0,385.0,295.0,0.0,260.0,170.0,225.0,900.0,100.0,120.0,0.0,0.0,0.0,,,0.0,450.0,500.0,700.0,400.0,700.0,500.0,550.0,590.0,0.0,520.0,500.0,450.0,450.0,500.0,600.0,0.0,0.0,0.0,,
1967-01-01,3000.0,2700.0,2500.0,2500.0,56000.0,50000.0,3400.0,31000.0,23000.0,200.0,7300.0,3600.0,4300.0,29000.0,1900.0,1200.0,800.0,400.0,100.0,,,200.0,200.0,100.0,300.0,2000.0,6000.0,300.0,1000.0,1000.0,0.0,300.0,100.0,200.0,3000.0,200.0,200.0,0.0,0.0,0.0,,,90.0,160.0,45.0,300.0,760.0,6000.0,180.0,500.0,350.0,0.0,165.0,48.0,112.0,1350.0,120.0,120.0,0.0,0.0,0.0,,,450.0,800.0,450.0,1000.0,380.0,1000.0,600.0,500.0,350.0,0.0,550.0,480.0,560.0,450.0,600.0,600.0,0.0,0.0,0.0,,
1968-01-01,7000.0,5000.0,3000.0,2000.0,50000.0,50000.0,3500.0,27000.0,25000.0,300.0,7500.0,4000.0,4450.0,29000.0,1900.0,1200.0,800.0,200.0,150.0,,,400.0,500.0,300.0,200.0,2300.0,5300.0,330.0,500.0,1050.0,0.0,500.0,300.0,450.0,2600.0,170.0,100.0,0.0,0.0,0.0,,,200.0,400.0,150.0,200.0,920.0,5300.0,264.0,250.0,420.0,0.0,350.0,120.0,315.0,1430.0,119.0,62.0,0.0,0.0,0.0,,,500.0,800.0,500.0,1000.0,400.0,1000.0,800.0,500.0,400.0,0.0,700.0,400.0,700.0,550.0,700.0,620.0,0.0,0.0,0.0,,
1969-01-01,5500.0,3000.0,,2000.0,40000.0,54000.0,3500.0,27000.0,22000.0,250.0,7000.0,4100.0,4500.0,30000.0,2000.0,1000.0,700.0,400.0,150.0,2800.0,,100.0,300.0,,100.0,500.0,3000.0,200.0,700.0,400.0,0.0,200.0,200.0,400.0,100.0,200.0,100.0,0.0,0.0,0.0,100.0,,30.0,120.0,,65.0,100.0,2000.0,80.0,160.0,80.0,0.0,50.0,50.0,160.0,20.0,100.0,60.0,0.0,0.0,0.0,25.0,,300.0,400.0,,650.0,200.0,667.0,400.0,229.0,200.0,0.0,250.0,250.0,400.0,200.0,500.0,600.0,0.0,0.0,0.0,250.0,
1970-01-01,4000.0,7000.0,,3000.0,45500.0,52000.0,4000.0,29000.0,39500.0,100.0,11000.0,4000.0,5000.0,33000.0,2000.0,1000.0,800.0,500.0,100.0,2500.0,,140.0,430.0,,750.0,1300.0,7000.0,2800.0,1340.0,1340.0,0.0,1020.0,450.0,450.0,2700.0,300.0,750.0,0.0,0.0,0.0,430.0,,70.0,300.0,,600.0,700.0,5200.0,2170.0,870.0,800.0,0.0,580.0,300.0,500.0,1300.0,200.0,450.0,0.0,0.0,0.0,260.0,,500.0,698.0,,800.0,538.0,743.0,775.0,649.0,597.0,0.0,569.0,667.0,1111.0,481.0,667.0,600.0,0.0,0.0,0.0,605.0,
1971-01-01,9000.0,7000.0,,2000.0,58000.0,53000.0,5000.0,35000.0,50000.0,100.0,10000.0,5500.0,1950.0,36000.0,1800.0,800.0,800.0,150.0,100.0,3800.0,,500.0,300.0,,200.0,2000.0,5000.0,250.0,900.0,2000.0,0.0,500.0,300.0,100.0,2000.0,100.0,50.0,0.0,0.0,0.0,300.0,,150.0,210.0,,200.0,500.0,3500.0,250.0,360.0,600.0,0.0,300.0,120.0,100.0,760.0,100.0,65.0,0.0,0.0,0.0,135.0,,300.0,700.0,,1000.0,250.0,700.0,1000.0,400.0,300.0,0.0,600.0,400.0,1000.0,380.0,1000.0,1300.0,0.0,0.0,0.0,450.0,
1972-01-01,11000.0,7500.0,,4000.0,77000.0,54000.0,5000.0,38000.0,81000.0,100.0,11500.0,6500.0,1950.0,39000.0,1800.0,1600.0,900.0,500.0,150.0,4500.0,,1000.0,500.0,,300.0,3000.0,5000.0,0.0,1000.0,3000.0,0.0,700.0,500.0,100.0,1300.0,100.0,100.0,0.0,0.0,0.0,400.0,,520.0,350.0,,300.0,1300.0,3700.0,0.0,530.0,1450.0,0.0,420.0,300.0,130.0,630.0,70.0,60.0,0.0,0.0,0.0,240.0,,520.0,700.0,,1000.0,433.0,740.0,0.0,530.0,483.0,0.0,600.0,600.0,1300.0,485.0,700.0,600.0,0.0,0.0,0.0,600.0,
1973-01-01,5500.0,8000.0,,4000.0,70000.0,56000.0,5000.0,34500.0,65000.0,50.0,15000.0,5000.0,1800.0,50000.0,1800.0,1800.0,600.0,350.0,100.0,3500.0,,250.0,200.0,,250.0,3500.0,5000.0,500.0,1750.0,3200.0,0.0,900.0,250.0,400.0,1900.0,300.0,100.0,0.0,25.0,0.0,175.0,,113.0,210.0,,300.0,2150.0,5000.0,390.0,1210.0,1380.0,0.0,790.0,190.0,395.0,1700.0,270.0,90.0,0.0,10.0,0.0,102.0,,452.0,1050.0,,1200.0,614.0,1000.0,780.0,691.0,431.0,0.0,878.0,760.0,988.0,895.0,900.0,900.0,0.0,400.0,0.0,583.0,
1974-01-01,500.0,6500.0,,2000.0,80000.0,53000.0,4100.0,34000.0,70000.0,50.0,11000.0,6000.0,1400.0,45000.0,1300.0,1300.0,500.0,300.0,50.0,3000.0,,0.0,300.0,,250.0,4000.0,4000.0,200.0,1000.0,3000.0,0.0,500.0,400.0,200.0,700.0,200.0,200.0,0.0,100.0,0.0,500.0,,0.0,105.0,,200.0,2200.0,3100.0,180.0,510.0,1400.0,0.0,155.0,240.0,160.0,190.0,200.0,235.0,0.0,45.0,0.0,280.0,,0.0,350.0,,800.0,550.0,775.0,900.0,510.0,467.0,0.0,310.0,600.0,800.0,271.0,1000.0,1175.0,0.0,450.0,0.0,560.0,
1975-01-01,5000.0,6000.0,,2000.0,80000.0,51500.0,3600.0,30000.0,70000.0,50.0,13000.0,5000.0,1400.0,50000.0,1100.0,1200.0,400.0,200.0,50.0,2500.0,,250.0,500.0,,250.0,4000.0,3950.0,600.0,1500.0,2550.0,0.0,1000.0,300.0,400.0,1500.0,300.0,200.0,0.0,0.0,0.0,100.0,,170.0,450.0,,200.0,3200.0,3100.0,900.0,1400.0,1800.0,0.0,800.0,250.0,690.0,1150.0,480.0,300.0,0.0,0.0,0.0,110.0,,680.0,900.0,,800.0,800.0,785.0,1500.0,933.0,706.0,0.0,800.0,833.0,1725.0,767.0,1600.0,1500.0,0.0,0.0,0.0,1100.0,
1976-01-01,9000.0,4000.0,,1900.0,70000.0,35100.0,3200.0,30000.0,50000.0,125.0,10000.0,4000.0,1350.0,45000.0,1000.0,1000.0,500.0,300.0,25.0,2000.0,,1000.0,300.0,,250.0,6800.0,3650.0,400.0,2900.0,4800.0,0.0,600.0,500.0,150.0,600.0,50.0,50.0,0.0,0.0,0.0,200.0,,600.0,300.0,,300.0,5600.0,4000.0,600.0,2900.0,3400.0,0.0,700.0,480.0,200.0,800.0,70.0,70.0,0.0,0.0,0.0,180.0,,600.0,1000.0,,1200.0,824.0,1096.0,1500.0,1000.0,708.0,0.0,1167.0,960.0,1333.0,1333.0,1400.0,1400.0,0.0,0.0,0.0,900.0,
1977-01-01,8000.0,3500.0,,1300.0,65000.0,27700.0,3000.0,28000.0,45000.0,100.0,9000.0,4000.0,1275.0,40000.0,800.0,600.0,400.0,300.0,25.0,2000.0,,600.0,300.0,,130.0,2750.0,2670.0,200.0,1600.0,2750.0,0.0,400.0,300.0,100.0,2000.0,50.0,50.0,0.0,0.0,0.0,100.0,,420.0,360.0,,145.0,2500.0,2925.0,220.0,1530.0,2335.0,0.0,400.0,240.0,120.0,1600.0,60.0,60.0,0.0,0.0,0.0,85.0,,700.0,1200.0,,1115.0,909.0,1096.0,1100.0,956.0,849.0,0.0,1000.0,800.0,1200.0,800.0,1200.0,1200.0,0.0,0.0,0.0,850.0,
1978-01-01,6000.0,3200.0,,600.0,55000.0,19400.0,2400.0,20000.0,40000.0,100.0,8500.0,2500.0,1100.0,35575.0,500.0,500.0,500.0,100.0,25.0,2000.0,,500.0,200.0,,100.0,2965.0,2400.0,200.0,1200.0,2500.0,0.0,500.0,400.0,100.0,1575.0,30.0,30.0,0.0,0.0,0.0,100.0,,350.0,260.0,,90.0,2200.0,2100.0,260.0,1150.0,2000.0,0.0,600.0,340.0,130.0,1962.0,42.0,36.0,0.0,0.0,0.0,80.0,,700.0,1300.0,,900.0,742.0,875.0,1300.0,958.0,800.0,0.0,1200.0,850.0,1300.0,1246.0,1400.0,1200.0,0.0,0.0,0.0,800.0,
1979-01-01,5000.0,2800.0,,500.0,30000.0,15500.0,2100.0,10000.0,20000.0,100.0,8300.0,1000.0,1000.0,35000.0,275.0,400.0,500.0,100.0,25.0,400.0,,400.0,200.0,,100.0,1775.0,2450.0,100.0,600.0,1200.0,0.0,500.0,100.0,100.0,1500.0,75.0,50.0,0.0,0.0,0.0,50.0,,300.0,280.0,,96.0,1650.0,2320.0,140.0,570.0,964.0,0.0,650.0,85.0,140.0,2000.0,100.0,65.0,0.0,0.0,0.0,40.0,,750.0,1400.0,,960.0,930.0,947.0,1400.0,950.0,803.0,0.0,1300.0,850.0,1400.0,1333.0,1333.0,1300.0,0.0,0.0,0.0,800.0,
1980-01-01,5000.0,3000.0,,700.0,35000.0,16000.0,2500.0,15000.0,20000.0,100.0,8700.0,1000.0,1300.0,36000.0,350.0,600.0,500.0,200.0,50.0,600.0,,300.0,300.0,,50.0,2500.0,550.0,100.0,1000.0,1500.0,0.0,200.0,50.0,300.0,500.0,50.0,50.0,0.0,0.0,0.0,50.0,,260.0,210.0,,30.0,2000.0,350.0,77.0,800.0,1130.0,0.0,140.0,45.0,240.0,300.0,40.0,35.0,0.0,0.0,0.0,43.0,,867.0,700.0,,600.0,800.0,636.0,770.0,800.0,753.0,0.0,700.0,900.0,800.0,600.0,800.0,700.0,0.0,0.0,0.0,860.0,
1981-01-01,1000.0,2660.0,,950.0,28000.0,16150.0,3000.0,11000.0,17000.0,100.0,8250.0,1000.0,2000.0,34200.0,390.0,1000.0,600.0,200.0,100.0,500.0,,200.0,266.0,,66.0,2000.0,500.0,100.0,1000.0,1500.0,0.0,234.0,100.0,100.0,500.0,34.0,50.0,0.0,0.0,0.0,50.0,,100.0,160.0,,37.0,1250.0,350.0,70.0,700.0,900.0,0.0,150.0,72.0,70.0,250.0,22.0,36.0,0.0,0.0,0.0,33.0,,500.0,602.0,,561.0,625.0,700.0,700.0,700.0,600.0,0.0,641.0,720.0,700.0,500.0,647.0,720.0,0.0,0.0,0.0,660.0,
1982-01-01,3000.0,2800.0,,1000.0,25000.0,17500.0,3500.0,7000.0,15000.0,100.0,8700.0,1000.0,2500.0,36000.0,400.0,1300.0,500.0,200.0,100.0,400.0,,100.0,150.0,,20.0,2000.0,300.0,100.0,500.0,1000.0,30.0,100.0,100.0,100.0,200.0,30.0,50.0,50.0,0.0,20.0,50.0,,65.0,120.0,,18.0,1700.0,308.0,80.0,400.0,800.0,23.0,65.0,85.0,70.0,120.0,14.0,46.0,32.0,0.0,14.0,40.0,,650.0,800.0,,900.0,850.0,1027.0,800.0,800.0,800.0,767.0,650.0,850.0,700.0,600.0,467.0,920.0,640.0,0.0,700.0,800.0,
1983-01-01,3000.0,3000.0,,1000.0,25000.0,18000.0,5000.0,7000.0,13000.0,100.0,10000.0,1000.0,5000.0,36000.0,1000.0,2000.0,500.0,100.0,200.0,500.0,,100.0,300.0,,100.0,2000.0,2000.0,200.0,400.0,1000.0,0.0,1000.0,100.0,200.0,2000.0,50.0,100.0,50.0,0.0,0.0,50.0,,70.0,240.0,,70.0,1600.0,1600.0,130.0,340.0,750.0,0.0,700.0,80.0,150.0,1400.0,35.0,60.0,35.0,0.0,0.0,40.0,,700.0,800.0,,700.0,800.0,800.0,650.0,850.0,750.0,0.0,700.0,800.0,750.0,700.0,700.0,600.0,700.0,0.0,0.0,800.0,
1984-01-01,2000.0,1000.0,,300.0,25000.0,9000.0,4500.0,7000.0,12000.0,100.0,5000.0,1000.0,4300.0,18000.0,700.0,1500.0,500.0,100.0,200.0,700.0,,0.0,100.0,,50.0,2000.0,1000.0,100.0,300.0,1000.0,0.0,510.0,100.0,50.0,2000.0,20.0,20.0,50.0,0.0,0.0,100.0,,0.0,150.0,,75.0,1500.0,1500.0,140.0,240.0,750.0,0.0,750.0,80.0,60.0,3000.0,20.0,20.0,35.0,0.0,0.0,80.0,,0.0,1500.0,,1500.0,750.0,1500.0,1400.0,800.0,750.0,0.0,1471.0,800.0,1200.0,1500.0,1000.0,1000.0,700.0,0.0,0.0,800.0,
1985-01-01,1900.0,940.0,,280.0,23500.0,8580.0,4200.0,6600.0,11300.0,95.0,4700.0,940.0,4000.0,17000.0,650.0,1400.0,470.0,95.0,190.0,660.0,,0.0,80.0,,40.0,1500.0,880.0,100.0,200.0,800.0,0.0,400.0,80.0,50.0,1250.0,30.0,0.0,40.0,0.0,0.0,90.0,,0.0,80.0,,40.0,1085.0,830.0,80.0,180.0,420.0,0.0,420.0,65.0,45.0,1270.0,30.0,0.0,20.0,0.0,0.0,75.0,,0.0,1000.0,,1000.0,723.0,943.0,800.0,900.0,525.0,0.0,1050.0,813.0,900.0,1016.0,1000.0,0.0,500.0,0.0,0.0,833.0,
1986-01-01,1900.0,940.0,,280.0,23500.0,8580.0,4200.0,6600.0,11300.0,95.0,4700.0,940.0,4000.0,17000.0,650.0,1400.0,470.0,95.0,190.0,660.0,,0.0,80.0,,40.0,1500.0,880.0,100.0,200.0,800.0,0.0,400.0,80.0,50.0,1230.0,30.0,0.0,40.0,0.0,0.0,90.0,,0.0,80.0,,40.0,1085.0,830.0,80.0,180.0,420.0,0.0,420.0,65.0,45.0,1230.0,30.0,0.0,20.0,0.0,0.0,75.0,,0.0,1000.0,,1000.0,723.0,943.0,800.0,900.0,525.0,0.0,1050.0,813.0,900.0,1000.0,1000.0,0.0,500.0,0.0,0.0,833.0,
1987-01-01,,,,,,,,,,,,,,,,,,,,,70000.0,,,,,,,,,,,,,,,,,,,,,38000.0,,,,,,,,,,,,,,,,,,,,,35000.0,,,,,,,,,,,,,,,,,,,,,921.0
1988-01-01,1000.0,400.0,,100.0,3000.0,5000.0,3000.0,2000.0,4000.0,,2000.0,450.0,2200.0,7000.0,350.0,500.0,,,,,,0.0,0.0,,0.0,500.0,200.0,150.0,500.0,500.0,,150.0,0.0,100.0,300.0,0.0,0.0,,,,,,0.0,0.0,,0.0,360.0,140.0,100.0,385.0,325.0,,100.0,0.0,70.0,210.0,0.0,0.0,,,,,,0.0,0.0,,0.0,720.0,700.0,667.0,770.0,650.0,,667.0,0.0,700.0,700.0,0.0,0.0,,,,,
1989-01-01,1000.0,230.0,,60.0,3000.0,5000.0,3000.0,2000.0,4000.0,,2000.0,500.0,2000.0,7000.0,210.0,500.0,,,,,,0.0,0.0,,0.0,500.0,200.0,100.0,1000.0,0.0,,100.0,0.0,100.0,300.0,0.0,0.0,,,,,,0.0,0.0,,0.0,350.0,160.0,80.0,800.0,0.0,,70.0,0.0,80.0,210.0,0.0,0.0,,,,,,0.0,0.0,,0.0,700.0,800.0,800.0,800.0,0.0,,700.0,0.0,800.0,700.0,0.0,0.0,,,,,
1990-01-01,500.0,,,,1500.0,4000.0,2000.0,1000.0,2000.0,,1800.0,,,4200.0,,,,,,,,0.0,,,,200.0,100.0,100.0,500.0,50.0,,50.0,,,0.0,,,,,,,,0.0,,,,170.0,100.0,80.0,380.0,40.0,,30.0,,,0.0,,,,,,,,0.0,,,,850.0,1000.0,800.0,760.0,800.0,,600.0,,,0.0,,,,,,,
1991-01-01,150.0,200.0,,100.0,500.0,2000.0,1500.0,500.0,400.0,100.0,500.0,400.0,500.0,1600.0,50.0,800.0,50.0,50.0,200.0,400.0,,0.0,0.0,,0.0,0.0,300.0,100.0,0.0,0.0,0.0,0.0,0.0,0.0,100.0,0.0,0.0,0.0,0.0,0.0,0.0,,0.0,0.0,,0.0,0.0,250.0,80.0,0.0,0.0,0.0,0.0,0.0,0.0,70.0,0.0,0.0,0.0,0.0,0.0,0.0,,0.0,0.0,,0.0,0.0,833.0,800.0,0.0,0.0,0.0,0.0,0.0,0.0,700.0,0.0,0.0,0.0,0.0,0.0,0.0,
1992-01-01,,,,,2000.0,,,1000.0,2500.0,,,200.0,,,,,,,,,,,,,,0.0,,,0.0,0.0,,,0.0,,,,,,,,,,,,,,0.0,,,0.0,0.0,,,0.0,,,,,,,,,,,,,,0.0,,,0.0,0.0,,,0.0,,,,,,,,,
1993-01-01,,100.0,,,1800.0,,100.0,800.0,1700.0,,,200.0,,800.0,,,,,,,,,0.0,,,0.0,,0.0,0.0,0.0,,,0.0,,0.0,,,,,,,,,0.0,,,0.0,,0.0,0.0,0.0,,,0.0,,0.0,,,,,,,,,0.0,,,0.0,,0.0,0.0,0.0,,,0.0,,0.0,,,,,,,
1994-01-01,,100.0,,50.0,1800.0,,100.0,600.0,1900.0,,,100.0,,800.0,100.0,50.0,,,,100.0,,,0.0,,0.0,0.0,,0.0,0.0,0.0,,,0.0,,0.0,0.0,0.0,,,,0.0,,,0.0,,0.0,0.0,,0.0,0.0,0.0,,,0.0,,0.0,0.0,0.0,,,,0.0,,,0.0,,0.0,0.0,,0.0,0.0,0.0,,,0.0,,0.0,0.0,0.0,,,,0.0,
1995-01-01,,80.0,,100.0,1500.0,,80.0,600.0,1700.0,,,100.0,100.0,640.0,200.0,100.0,,,,100.0,,,0.0,,0.0,0.0,,0.0,0.0,0.0,,,0.0,0.0,0.0,0.0,0.0,,,,0.0,,,0.0,,0.0,0.0,,0.0,0.0,0.0,,,0.0,0.0,0.0,0.0,0.0,,,,0.0,,,0.0,,0.0,0.0,,0.0,0.0,0.0,,,0.0,0.0,0.0,0.0,0.0,,,,0.0,
1996-01-01,,,,300.0,1500.0,,,600.0,1500.0,,,200.0,100.0,,200.0,200.0,,,,200.0,,,,,0.0,0.0,,,0.0,0.0,,,0.0,0.0,,0.0,0.0,,,,0.0,,,,,0.0,0.0,,,0.0,0.0,,,0.0,0.0,,0.0,0.0,,,,0.0,,,,,0.0,0.0,,,0.0,0.0,,,0.0,0.0,,0.0,0.0,,,,0.0,
1997-01-01,,,,,1200.0,,,500.0,1400.0,,,200.0,,,,,,,,200.0,,,,,,0.0,,,0.0,0.0,,,0.0,,,,,,,,0.0,,,,,,0.0,,,0.0,0.0,,,0.0,,,,,,,,0.0,,,,,,0.0,,,0.0,0.0,,,0.0,,,,,,,,0.0,
1998-01-01,,,,,1200.0,,,500.0,1400.0,,,200.0,,,,,,,,200.0,,,,,,0.0,,,0.0,0.0,,,0.0,,,,,,,,0.0,,,,,,0.0,,,0.0,0.0,,,0.0,,,,,,,,0.0,,,,,,0.0,,,0.0,0.0,,,0.0,,,,,,,,0.0,
1999-01-01,,,,,1200.0,,,500.0,1400.0,,,200.0,,,,,,,,200.0,,,,,,0.0,,,0.0,0.0,,,0.0,,,,,,,,0.0,,,,,,0.0,,,0.0,0.0,,,0.0,,,,,,,,0.0,,,,,,0.0,,,0.0,0.0,,,0.0,,,,,,,,0.0,
2000-01-01,,,,,1200.0,,,500.0,1400.0,,,200.0,,,,,,,,200.0,,,,,,0.0,,,0.0,0.0,,,0.0,,,,,,,,0.0,,,,,,0.0,,,0.0,0.0,,,0.0,,,,,,,,0.0,,,,,,0.0,,,0.0,0.0,,,0.0,,,,,,,,0.0,
2001-01-01,,,,,,,,,,,,,,,,,,,,,,,,,,,,,,,,,,,,,,,,,,,,,,,,,,,,,,,,,,,,,,,,,,,,,,,,,,,,,,,,,,,,
2002-01-01,,,,,,,,,,,,,,,,,,,,,,,,,,,,,,,,,,,,,,,,,,,,,,,,,,,,,,,,,,,,,,,,,,,,,,,,,,,,,,,,,,,,
2003-01-01,,,,,,,,,,,,,,,,,,,,,,,,,,,,,,,,,,,,,,,,,,,,,,,,,,,,,,,,,,,,,,,,,,,,,,,,,,,,,,,,,,,,
2004-01-01,,,,,,,,,,,,,,,,,,,,,,,,,,,,,,,,,,,,,,,,,,,,,,,,,,,,,,,,,,,,,,,,,,,,,,,,,,,,,,,,,,,,
2005-01-01,,,,,,,,,,,,,,,,,,,,,,,,,,,,,,,,,,,,,,,,,,,,,,,,,,,,,,,,,,,,,,,,,,,,,,,,,,,,,,,,,,,,
2006-01-01,,,,,,,,,,,,,,,,,,,,,,,,,,,,,,,,,,,,,,,,,,,,,,,,,,,,,,,,,,,,,,,,,,,,,,,,,,,,,,,,,,,,
2007-01-01,,,,,,,,,,,,,,,,,,,,,,,,,,,,,,,,,,,,,,,,,,,,,,,,,,,,,,,,,,,,,,,,,,,,,,,,,,,,,,,,,,,,
2008-01-01,,,,,,,,,,,,,,,,,,,,,,,,,,,,,,,,,,,,,,,,,,,,,,,,,,,,,,,,,,,,,,,,,,,,,,,,,,,,,,,,,,,,
2009-01-01,,,,,,,,,,,,,,,,,,,,,,,,,,,,,,,,,,,,,,,,,,,,,,,,,,,,,,,,,,,,,,,,,,,,,,,,,,,,,,,,,,,,
2010-01-01,,,,,,,,,,,,,,,,,,,,,,,,,,,,,,,,,,,,,,,,,,,,,,,,,,,,,,,,,,,,,,,,,,,,,,,,,,,,,,,,,,,,
2011-01-01,,,,,,,,,,,,,,,,,,,,,,,,,,,,,,,,,,,,,,,,,,,,,,,,,,,,,,,,,,,,,,,,,,,,,,,,,,,,,,,,,,,,
2012-01-01,,,,,,,,,,,,,,,,,,,,,,,,,,,,,,,,,,,,,,,,,,,,,,,,,,,,,,,,,,,,,,,,,,,,,,,,,,,,,,,,,,,,
2013-01-01,,,,,,,,,,,,,,,,,,,,,,,,,,,,,,,,,,,,,,,,,,,,,,,,,,,,,,,,,,,,,,,,,,,,,,,,,,,,,,,,,,,,
2014-01-01,,,,,,,,,,,,,,,,,,,,,,,,,,,,,,,,,,,,,,,,,,,,,,,,,,,,,,,,,,,,,,,,,,,,,,,,,,,,,,,,,,,,
2015-01-01,,,,,,,,,,,,,,,,,,,,,,,,,,,,,,,,,,,,,,,,,,,,,,,,,,,,,,,,,,,,,,,,,,,,,,,,,,,,,,,,,,,,
2016-01-01,,,,,,,,,,,,,,,,,,,,,,,,,,,,,,,,,,,,,,,,,,,,,,,,,,,,,,,,,,,,,,,,,,,,,,,,,,,,,,,,,,,,
2017-01-01,,,,,,,,,,,,,,,,,,,,,,,,,,,,,,,,,,,,,,,,,,,,,,,,,,,,,,,,,,,,,,,,,,,,,,,,,,,,,,,,,,,,
2018-01-01,,363.0,,,,,,,,,,,,528.0,,,,,,,,,0.0,,,,,,,,,,,,0.0,,,,,,,,,0.0,,,,,,,,,,,,0.0,,,,,,,,,0.0,,,,,,,,,,,,0.0,,,,,,,
2019-01-01,,717.0,,,,,,,,,,,,1534.0,,,,,,,,,227.0,,,,,,,,,,,,0.0,,,,,,,,,499.0,,,,,,,,,,,,0.0,,,,,,,,,2198.0,,,,,,,,,,,,0.0,,,,,,,
2020-01-01,,,,,80.0,,,,250.0,,,116.0,,,,,,,,,,,,,,0.0,,,,0.0,,,0.0,,,,,,,,,,,,,,0.0,,,,0.0,,,0.0,,,,,,,,,,,,,,0.0,,,,0.0,,,0.0,,,,,,,,,
2021-01-01,,,,,800.0,150.0,,1600.0,20.0,,,,,,,,,,,,,,,,,0.0,0.0,,0.0,0.0,,,,,,,,,,,,,,,,,0.0,0.0,,0.0,0.0,,,,,,,,,,,,,,,,,0.0,0.0,,0.0,0.0,,,,,,,,,,,,
2022-01-01,,150.0,,,400.0,250.0,2245.0,700.0,100.0,,3200.0,,,4400.0,,,,,,,,,0.0,,,0.0,70.0,0.0,300.0,0.0,,0.0,,,0.0,,,,,,,,,0.0,,,0.0,84.0,0.0,540.0,0.0,,0.0,,,0.0,,,,,,,,,0.0,,,0.0,1200.0,0.0,1800.0,0.0,,0.0,,,0.0,,,,,,,
2023-01-01,,,,,400.0,100.0,,700.0,100.0,,58.0,,,6584.0,,,,,,,,,,,,0.0,50.0,,0.0,0.0,,0.0,,,0.0,,,,,,,,,,,,0.0,115.0,,0.0,0.0,,0.0,,,0.0,,,,,,,,,,,,0.0,2300.0,,0.0,0.0,,0.0,,,0.0,,,,,,,
2024-01-01,400.0,,,,400.0,150.0,314.0,700.0,100.0,,,,,3380.0,,,400.0,,,,,400.0,,,,0.0,50.0,0.0,0.0,0.0,,,,,0.0,,,200.0,,,,,160.0,,,,0.0,100.0,0.0,0.0,0.0,,,,,0.0,,,80.0,,,,,400.0,,,,0.0,2000.0,0.0,0.0,0.0,,,,,0.0,,,400.0,,,,
