,superficie_sembrada_ha_centeno_Ayacucho_San Luis,superficie_sembrada_ha_centeno_Capital_San Luis,superficie_sembrada_ha_centeno_Chacabuco_San Luis,superficie_sembrada_ha_centeno_Coronel Pringles_San Luis,superficie_sembrada_ha_centeno_General Belgrano_San Luis,superficie_sembrada_ha_centeno_General Pedernera_San Luis,superficie_sembrada_ha_centeno_Junín_San Luis,superficie_sembrada_ha_centeno_Libertador General San Martín_San Luis,superficie_sembrada_ha_centeno_Belgrano_San Luis,superficie_sembrada_ha_centeno_Gobernador Dupuy_San Luis,superficie_sembrada_ha_centeno_Juan Martín de Pueyrredón_San Luis,superficie_sembrada_ha_centeno_otros departamentos_San Luis,superficie_cosechada_ha_centeno_Ayacucho_San Luis,superficie_cosechada_ha_centeno_Capital_San Luis,superficie_cosechada_ha_centeno_Chacabuco_San Luis,superficie_cosechada_ha_centeno_Coronel Pringles_San Luis,superficie_cosechada_ha_centeno_General Belgrano_San Luis,superficie_cosechada_ha_centeno_General Pedernera_San Luis,superficie_cosechada_ha_centeno_Junín_San Luis,superficie_cosechada_ha_centeno_Libertador General San Martín_San Luis,superficie_cosechada_ha_centeno_Belgrano_San Luis,superficie_cosechada_ha_centeno_Gobernador Dupuy_San Luis,superficie_cosechada_ha_centeno_Juan Martín de Pueyrredón_San Luis,superficie_cosechada_ha_centeno_otros departamentos_San Luis,produccion_tm_centeno_Ayacucho_San Luis,produccion_tm_centeno_Capital_San Luis,produccion_tm_centeno_Chacabuco_San Luis,produccion_tm_centeno_Coronel Pringles_San Luis,produccion_tm_centeno_General Belgrano_San Luis,produccion_tm_centeno_General Pedernera_San Luis,produccion_tm_centeno_Junín_San Luis,produccion_tm_centeno_Libertador General San Martín_San Luis,produccion_tm_centeno_Belgrano_San Luis,produccion_tm_centeno_Gobernador Dupuy_San Luis,produccion_tm_centeno_Juan Martín de Pueyrredón_San Luis,produccion_tm_centeno_otros departamentos_San Luis,rendimiento_kgxha_centeno_Ayacucho_San Luis,rendimiento_kgxha_centeno_Capital_San Luis,rendimiento_kgxha_centeno_Chacabuco_San Luis,rendimiento_kgxha_centeno_Coronel Pringles_San Luis,rendimiento_kgxha_centeno_General Belgrano_San Luis,rendimiento_kgxha_centeno_General Pedernera_San Luis,rendimiento_kgxha_centeno_Junín_San Luis,rendimiento_kgxha_centeno_Libertador General San Martín_San Luis,rendimiento_kgxha_centeno_Belgrano_San Luis,rendimiento_kgxha_centeno_Gobernador Dupuy_San Luis,rendimiento_kgxha_centeno_Juan Martín de Pueyrredón_San Luis,rendimiento_kgxha_centeno_otros departamentos_San Luis
1923-01-01,,,,,,,,,,,,,,,,,,,,,,,,,,,,,,,,,,,,,,,,,,,,,,,,
1924-01-01,5.0,50.0,5800.0,5390.0,5.0,9000.0,400.0,350.0,,,,,0.0,5.0,550.0,520.0,0.0,950.0,40.0,35.0,,,,,0.0,2.0,165.0,166.0,0.0,266.0,18.0,13.0,,,,,0.0,400.0,300.0,320.0,0.0,280.0,450.0,370.0,,,,
1925-01-01,,100.0,1300.0,2500.0,,18000.0,100.0,,,,,,,60.0,715.0,1375.0,,9800.0,50.0,,,,,,,39.0,415.0,894.0,,5630.0,22.0,,,,,,,650.0,580.0,650.0,,574.0,450.0,,,,,
1926-01-01,,200.0,1500.0,9500.0,,10000.0,,800.0,,,,,,180.0,1400.0,9220.0,,6500.0,,700.0,,,,,,97.0,700.0,3872.0,,3055.0,,276.0,,,,,,540.0,500.0,470.0,,470.0,,394.0,,,,
1927-01-01,50.0,300.0,100.0,3000.0,50.0,23000.0,100.0,1500.0,,,,,10.0,150.0,50.0,2000.0,10.0,15000.0,50.0,1000.0,,,,,6.0,105.0,25.0,1560.0,7.0,11700.0,30.0,650.0,,,,,600.0,700.0,500.0,780.0,700.0,780.0,600.0,650.0,,,,
1928-01-01,50.0,400.0,700.0,3000.0,50.0,28000.0,500.0,1500.0,,,,,0.0,300.0,400.0,2200.0,0.0,10250.0,150.0,900.0,,,,,0.0,183.0,240.0,1012.0,0.0,5022.0,75.0,468.0,,,,,0.0,610.0,600.0,460.0,0.0,490.0,500.0,520.0,,,,
1929-01-01,100.0,300.0,500.0,2000.0,100.0,18950.0,300.0,1250.0,,,,,0.0,0.0,0.0,0.0,0.0,0.0,0.0,0.0,,,,,0.0,0.0,0.0,0.0,0.0,0.0,0.0,0.0,,,,,0.0,0.0,0.0,0.0,0.0,0.0,0.0,0.0,,,,
1930-01-01,100.0,3000.0,4000.0,3000.0,100.0,35000.0,500.0,1200.0,,,,,100.0,1200.0,1800.0,2800.0,100.0,10000.0,150.0,360.0,,,,,35.0,360.0,648.0,952.0,35.0,4300.0,52.0,140.0,,,,,350.0,300.0,360.0,340.0,350.0,430.0,350.0,390.0,,,,
1931-01-01,,2000.0,3000.0,2500.0,,27000.0,500.0,1200.0,,,,,,1000.0,2250.0,2400.0,,20700.0,400.0,900.0,,,,,,470.0,1125.0,960.0,,11385.0,240.0,540.0,,,,,,470.0,500.0,400.0,,550.0,600.0,600.0,,,,
1932-01-01,,2000.0,3000.0,2500.0,,32000.0,500.0,1200.0,,,,,,900.0,1300.0,1200.0,,13800.0,200.0,600.0,,,,,,594.0,962.0,912.0,,9522.0,142.0,468.0,,,,,,660.0,740.0,760.0,,690.0,710.0,780.0,,,,
1933-01-01,,2100.0,3150.0,2625.0,,33600.0,525.0,1260.0,,,,,,525.0,790.0,525.0,,4980.0,130.0,310.0,,,,,,420.0,553.0,367.0,,3486.0,104.0,217.0,,,,,,800.0,700.0,700.0,,700.0,800.0,700.0,,,,
1934-01-01,,2100.0,3150.0,2625.0,,33600.0,525.0,1260.0,,,,,,1050.0,1575.0,1310.0,,16770.0,265.0,630.0,,,,,,735.0,1260.0,917.0,,11739.0,212.0,441.0,,,,,,700.0,800.0,700.0,,700.0,800.0,700.0,,,,
1935-01-01,,1130.0,2000.0,1250.0,,20000.0,260.0,360.0,,,,,,226.0,400.0,250.0,,4000.0,52.0,72.0,,,,,,136.0,272.0,145.0,,2400.0,31.0,42.0,,,,,,600.0,680.0,580.0,,600.0,600.0,590.0,,,,
1936-01-01,10.0,1500.0,5000.0,9500.0,10.0,34000.0,100.0,100.0,,,,,5.0,100.0,500.0,1500.0,0.0,2500.0,30.0,10.0,,,,,7.0,94.0,100.0,180.0,0.0,1675.0,25.0,6.0,,,,,1500.0,940.0,200.0,120.0,0.0,670.0,850.0,600.0,,,,
1937-01-01,100.0,1200.0,4500.0,9600.0,10.0,29000.0,500.0,2000.0,,,,,20.0,50.0,100.0,650.0,0.0,1000.0,30.0,20.0,,,,,6.0,5.0,20.0,78.0,0.0,140.0,9.0,2.0,,,,,300.0,100.0,200.0,120.0,0.0,140.0,300.0,100.0,,,,
1938-01-01,,3500.0,5000.0,2500.0,,10000.0,1500.0,,,,,,,500.0,500.0,500.0,,2000.0,250.0,,,,,,,125.0,150.0,150.0,,600.0,75.0,,,,,,,250.0,300.0,300.0,,300.0,300.0,,,,,
1939-01-01,,2000.0,9000.0,9000.0,,15000.0,500.0,1000.0,,,,,,600.0,2700.0,2700.0,,4500.0,300.0,300.0,,,,,,240.0,1080.0,1080.0,,1800.0,150.0,120.0,,,,,,400.0,400.0,400.0,,400.0,500.0,400.0,,,,
1940-01-01,50.0,2500.0,10000.0,9000.0,300.0,22200.0,300.0,1000.0,,,,,30.0,675.0,2700.0,2430.0,81.0,6000.0,150.0,270.0,,,,,15.0,304.0,1215.0,1372.0,45.0,3000.0,82.0,135.0,,,,,500.0,450.0,450.0,565.0,550.0,500.0,550.0,500.0,,,,
1941-01-01,50.0,2500.0,10000.0,9000.0,300.0,22200.0,300.0,1000.0,,,,,5.0,250.0,1000.0,900.0,30.0,2220.0,30.0,100.0,,,,,2.0,75.0,315.0,270.0,9.0,690.0,9.0,30.0,,,,,300.0,300.0,315.0,300.0,300.0,311.0,300.0,300.0,,,,
1942-01-01,166.0,1302.0,11451.0,11976.0,37.0,45119.0,571.0,1364.0,,,,,19.0,500.0,1000.0,1900.0,20.0,3420.0,69.0,150.0,,,,,6.0,150.0,300.0,570.0,6.0,1026.0,21.0,45.0,,,,,300.0,300.0,300.0,300.0,300.0,300.0,300.0,300.0,,,,
1943-01-01,160.0,2500.0,11550.0,12000.0,300.0,44000.0,500.0,1200.0,,,,,80.0,1400.0,5410.0,6000.0,120.0,13000.0,300.0,700.0,,,,,48.0,72.0,3300.0,3600.0,700.0,6500.0,150.0,350.0,,,,,600.0,500.0,610.0,600.0,600.0,500.0,500.0,500.0,,,,
1944-01-01,60.0,2000.0,10000.0,12000.0,400.0,45000.0,500.0,1300.0,,,,,6.0,100.0,500.0,600.0,20.0,1000.0,25.0,59.0,,,,,2.0,30.0,200.0,240.0,6.0,400.0,10.0,22.0,,,,,333.0,300.0,400.0,400.0,300.0,400.0,400.0,373.0,,,,
1945-01-01,30.0,3000.0,12000.0,12000.0,100.0,40000.0,500.0,1000.0,,,,,3.0,900.0,2000.0,4000.0,0.0,5000.0,50.0,200.0,,,,,2.0,270.0,600.0,1200.0,0.0,2000.0,15.0,60.0,,,,,667.0,300.0,300.0,300.0,0.0,400.0,300.0,300.0,,,,
1946-01-01,45.0,1500.0,10000.0,9000.0,80.0,30000.0,500.0,1000.0,,,,,0.0,800.0,3000.0,3800.0,0.0,10000.0,150.0,100.0,,,,,0.0,320.0,1500.0,1900.0,0.0,4500.0,67.0,30.0,,,,,0.0,400.0,500.0,500.0,0.0,450.0,450.0,300.0,,,,
1947-01-01,60.0,1000.0,12000.0,9000.0,80.0,25000.0,600.0,800.0,,,,,0.0,400.0,4000.0,3800.0,0.0,10000.0,200.0,250.0,,,,,0.0,240.0,2400.0,1900.0,0.0,5000.0,120.0,125.0,,,,,0.0,600.0,600.0,500.0,0.0,500.0,500.0,500.0,,,,
1948-01-01,100.0,1000.0,12600.0,9000.0,100.0,25000.0,600.0,800.0,,,,,0.0,200.0,1600.0,1500.0,0.0,5000.0,100.0,150.0,,,,,0.0,80.0,640.0,600.0,0.0,2000.0,40.0,60.0,,,,,0.0,400.0,400.0,400.0,0.0,400.0,400.0,400.0,,,,
1949-01-01,200.0,1200.0,14000.0,10000.0,100.0,25000.0,1000.0,1000.0,5000.0,,,,0.0,600.0,7000.0,5000.0,0.0,12000.0,500.0,500.0,1000.0,,,,0.0,330.0,3850.0,2750.0,0.0,6600.0,250.0,275.0,445.0,,,,0.0,550.0,550.0,550.0,0.0,550.0,500.0,550.0,445.0,,,
1950-01-01,200.0,1200.0,14000.0,10000.0,100.0,25000.0,1000.0,1000.0,5000.0,,,,0.0,100.0,500.0,400.0,0.0,500.0,100.0,60.0,0.0,,,,0.0,35.0,200.0,160.0,0.0,200.0,35.0,24.0,0.0,,,,0.0,350.0,400.0,400.0,0.0,400.0,350.0,400.0,0.0,,,
1951-01-01,100.0,1200.0,10000.0,7000.0,50.0,18000.0,750.0,1000.0,3000.0,,,,0.0,0.0,0.0,100.0,0.0,0.0,0.0,0.0,0.0,,,,0.0,0.0,0.0,30.0,0.0,0.0,0.0,0.0,0.0,,,,0.0,0.0,0.0,300.0,0.0,0.0,0.0,0.0,0.0,,,
1952-01-01,120.0,1500.0,12000.0,8400.0,60.0,21600.0,950.0,1200.0,3600.0,,,,80.0,1000.0,8000.0,5600.0,60.0,14600.0,650.0,800.0,2600.0,,,,28.0,315.0,2400.0,1960.0,0.0,4900.0,180.0,280.0,700.0,,,,700.0,630.0,600.0,700.0,0.0,700.0,600.0,700.0,700.0,,,
1953-01-01,150.0,1800.0,15000.0,10000.0,100.0,26000.0,1150.0,1500.0,4300.0,,,,0.0,600.0,4500.0,3000.0,0.0,6000.0,350.0,400.0,1000.0,,,,0.0,180.0,1350.0,900.0,0.0,1800.0,105.0,120.0,300.0,,,,0.0,300.0,300.0,300.0,0.0,300.0,300.0,300.0,300.0,,,
1954-01-01,,,,,,,,,,,,,,,,,,,,,,,,,,,,,,,,,,,,,,,,,,,,,,,,
1955-01-01,150.0,1800.0,15000.0,10000.0,100.0,26000.0,1150.0,1500.0,,4300.0,,,0.0,450.0,3750.0,2500.0,0.0,6500.0,285.0,375.0,,1075.0,,,0.0,270.0,2250.0,1500.0,0.0,3900.0,171.0,225.0,,645.0,,,0.0,600.0,600.0,600.0,0.0,600.0,600.0,600.0,,600.0,,
1956-01-01,190.0,1800.0,16300.0,10500.0,110.0,26000.0,1200.0,1500.0,,4500.0,,,60.0,500.0,4900.0,3100.0,40.0,7800.0,400.0,500.0,,1400.0,,,42.0,360.0,3430.0,2170.0,28.0,5460.0,280.0,350.0,,980.0,,,700.0,720.0,700.0,700.0,700.0,700.0,700.0,700.0,,700.0,,
1957-01-01,200.0,1800.0,16300.0,10500.0,100.0,26000.0,1200.0,1500.0,,4500.0,,,60.0,700.0,6500.0,4200.0,40.0,10400.0,500.0,600.0,,1800.0,,,30.0,350.0,3250.0,2100.0,20.0,5200.0,250.0,300.0,,900.0,,,500.0,500.0,500.0,500.0,500.0,500.0,500.0,500.0,,500.0,,
1958-01-01,,2000.0,17000.0,11000.0,,26500.0,1500.0,1800.0,,5000.0,,,,500.0,6000.0,4000.0,,10000.0,200.0,600.0,,1000.0,,,,300.0,3600.0,2400.0,,6000.0,120.0,360.0,,620.0,,,,600.0,600.0,600.0,,600.0,600.0,600.0,,620.0,,
1959-01-01,,3000.0,17500.0,11500.0,,27000.0,1500.0,1800.0,,5000.0,,,,500.0,6500.0,4500.0,,10000.0,300.0,600.0,,1000.0,,,,300.0,3900.0,2700.0,,6000.0,180.0,300.0,,520.0,,,,600.0,600.0,600.0,,600.0,600.0,500.0,,520.0,,
1960-01-01,,3000.0,17500.0,11500.0,,27000.0,1500.0,1800.0,,5000.0,,,,1000.0,5000.0,3800.0,,7000.0,300.0,500.0,,1000.0,,,,500.0,3000.0,1900.0,,4200.0,150.0,250.0,,500.0,,,,500.0,600.0,500.0,,600.0,500.0,500.0,,500.0,,
1961-01-01,,3300.0,18200.0,12000.0,,28350.0,1650.0,1800.0,,5000.0,,,,1800.0,5800.0,4000.0,,7000.0,400.0,300.0,,1000.0,,,,900.0,2900.0,2000.0,,3500.0,200.0,150.0,,450.0,,,,500.0,500.0,500.0,,500.0,500.0,500.0,,450.0,,
1962-01-01,,3500.0,20000.0,13200.0,,30000.0,1800.0,2000.0,,5500.0,,,,1800.0,6000.0,4500.0,,7500.0,380.0,320.0,,1000.0,,,,1080.0,3000.0,2700.0,,4500.0,228.0,192.0,,700.0,,,,600.0,500.0,600.0,,600.0,600.0,600.0,,700.0,,
1963-01-01,,3000.0,18000.0,12000.0,,27000.0,1500.0,1800.0,,5000.0,,,,1000.0,4000.0,4000.0,,7000.0,500.0,800.0,,1000.0,,,,580.0,2000.0,2400.0,,3500.0,200.0,320.0,,500.0,,,,580.0,500.0,600.0,,500.0,400.0,400.0,,500.0,,
1964-01-01,,3500.0,18000.0,13000.0,,30000.0,1500.0,1500.0,,6000.0,,,,1000.0,3000.0,4000.0,,5000.0,500.0,500.0,,1000.0,,,,900.0,2100.0,3600.0,,4500.0,250.0,250.0,,600.0,,,,900.0,700.0,900.0,,900.0,500.0,500.0,,600.0,,
1965-01-01,,3000.0,15000.0,11000.0,,23000.0,1000.0,1000.0,,4000.0,,,,600.0,3000.0,3000.0,,4000.0,300.0,300.0,,800.0,,,,300.0,1500.0,1800.0,,2100.0,140.0,180.0,,480.0,,,,500.0,500.0,600.0,,525.0,467.0,600.0,,600.0,,
1966-01-01,,3500.0,16000.0,12000.0,,25000.0,1200.0,2000.0,,6000.0,,,,500.0,1000.0,3000.0,,4000.0,200.0,500.0,,2000.0,,,,250.0,400.0,1500.0,,1600.0,80.0,250.0,,1020.0,,,,500.0,400.0,500.0,,400.0,400.0,500.0,,510.0,,
1967-01-01,,3500.0,9000.0,4000.0,,11000.0,600.0,2000.0,,3500.0,,,,800.0,7300.0,1500.0,,7700.0,400.0,500.0,,2000.0,,,,400.0,3285.0,720.0,,4620.0,160.0,215.0,,1000.0,,,,500.0,450.0,480.0,,600.0,400.0,430.0,,500.0,,
1968-01-01,100.0,4500.0,12000.0,6000.0,,18000.0,700.0,2800.0,,5000.0,,,20.0,1100.0,6000.0,1300.0,,4500.0,50.0,430.0,,1500.0,,,8.0,660.0,3300.0,650.0,,2700.0,20.0,212.0,,750.0,,,400.0,600.0,550.0,500.0,,600.0,400.0,493.0,,500.0,,
1969-01-01,100.0,,10000.0,4000.0,,18000.0,600.0,2000.0,,4000.0,4000.0,,0.0,,2500.0,1000.0,,2500.0,0.0,500.0,,500.0,1000.0,,0.0,,1000.0,400.0,,1200.0,0.0,200.0,,200.0,400.0,,0.0,,400.0,400.0,,480.0,0.0,400.0,,400.0,400.0,
1970-01-01,100.0,,8000.0,3500.0,,15000.0,500.0,1800.0,,3500.0,3500.0,,0.0,,0.0,0.0,,0.0,0.0,0.0,,0.0,0.0,,0.0,,0.0,0.0,,0.0,0.0,0.0,,0.0,0.0,,0.0,,0.0,0.0,,0.0,0.0,0.0,,0.0,0.0,
1971-01-01,250.0,,7200.0,3600.0,,14850.0,600.0,1600.0,,3600.0,3600.0,,0.0,,0.0,0.0,,0.0,0.0,0.0,,0.0,0.0,,0.0,,0.0,0.0,,0.0,0.0,0.0,,0.0,0.0,,0.0,,0.0,0.0,,0.0,0.0,0.0,,0.0,0.0,
1972-01-01,300.0,,8200.0,4500.0,,20000.0,1100.0,2000.0,,5000.0,4300.0,,0.0,,500.0,600.0,,800.0,0.0,200.0,,400.0,500.0,,0.0,,350.0,360.0,,560.0,0.0,120.0,,200.0,300.0,,0.0,,700.0,600.0,,700.0,0.0,600.0,,500.0,600.0,
1973-01-01,400.0,,8400.0,4800.0,,21000.0,1200.0,2300.0,,6000.0,4600.0,,160.0,,3360.0,1880.0,,8400.0,480.0,920.0,,2400.0,1800.0,,112.0,,2688.0,1344.0,,6720.0,380.0,736.0,,1920.0,1400.0,,700.0,,800.0,715.0,,800.0,792.0,800.0,,800.0,778.0,
1974-01-01,500.0,,8600.0,5000.0,,22000.0,1400.0,2500.0,,6500.0,4800.0,,50.0,,600.0,500.0,,2000.0,200.0,300.0,,500.0,600.0,,35.0,,420.0,415.0,,1800.0,160.0,240.0,,450.0,480.0,,700.0,,700.0,830.0,,900.0,800.0,800.0,,900.0,800.0,
1975-01-01,600.0,,8600.0,6000.0,,23000.0,1500.0,3000.0,,7000.0,5000.0,,100.0,,1560.0,1000.0,,4010.0,300.0,500.0,,1210.0,1000.0,,80.0,,1410.0,900.0,,3410.0,290.0,440.0,,1200.0,800.0,,800.0,,904.0,900.0,,850.0,967.0,880.0,,992.0,800.0,
1976-01-01,600.0,,10000.0,8000.0,,25000.0,1800.0,3500.0,,9000.0,6000.0,,0.0,,0.0,0.0,,0.0,0.0,0.0,,0.0,0.0,,0.0,,0.0,0.0,,0.0,0.0,0.0,,0.0,0.0,,0.0,,0.0,0.0,,0.0,0.0,0.0,,0.0,0.0,
1977-01-01,500.0,,10500.0,7200.0,,24300.0,1500.0,3000.0,,10000.0,5000.0,,0.0,,0.0,0.0,,0.0,0.0,0.0,,0.0,0.0,,0.0,,0.0,0.0,,0.0,0.0,0.0,,0.0,0.0,,0.0,,0.0,0.0,,0.0,0.0,0.0,,0.0,0.0,
1978-01-01,450.0,,9000.0,6500.0,,23550.0,1300.0,2700.0,,9000.0,4500.0,,0.0,,500.0,0.0,,2300.0,0.0,0.0,,200.0,0.0,,0.0,,300.0,0.0,,1480.0,0.0,0.0,,120.0,0.0,,0.0,,600.0,0.0,,643.0,0.0,0.0,,600.0,0.0,
1979-01-01,450.0,,10000.0,6500.0,,28250.0,1300.0,2700.0,,11000.0,4800.0,,50.0,,1000.0,1000.0,,2950.0,200.0,400.0,,1700.0,600.0,,40.0,,800.0,800.0,,2500.0,170.0,320.0,,1650.0,420.0,,800.0,,800.0,800.0,,847.0,850.0,800.0,,971.0,700.0,
1980-01-01,400.0,,8000.0,10000.0,,18000.0,1000.0,2000.0,,7000.0,4000.0,,100.0,,500.0,2000.0,,3000.0,0.0,0.0,,400.0,500.0,,70.0,,350.0,1400.0,,2100.0,0.0,0.0,,280.0,340.0,,700.0,,700.0,700.0,,700.0,0.0,0.0,,700.0,680.0,
1981-01-01,400.0,,8000.0,10000.0,,18000.0,1000.0,2000.0,,7000.0,4000.0,,0.0,,500.0,1000.0,,1000.0,0.0,0.0,,500.0,1000.0,,0.0,,450.0,740.0,,840.0,0.0,0.0,,400.0,800.0,,0.0,,900.0,740.0,,840.0,0.0,0.0,,800.0,800.0,
1982-01-01,400.0,,9000.0,11000.0,,20000.0,1000.0,2000.0,,7500.0,4500.0,,0.0,,500.0,1000.0,,2000.0,0.0,0.0,,0.0,0.0,,0.0,,500.0,1000.0,,2000.0,0.0,0.0,,0.0,0.0,,0.0,,1000.0,1000.0,,1000.0,0.0,0.0,,0.0,0.0,
1983-01-01,400.0,,9000.0,11000.0,,20000.0,1000.0,2000.0,,7500.0,4500.0,,0.0,,500.0,1000.0,,2000.0,0.0,0.0,,0.0,0.0,,0.0,,500.0,1000.0,,2100.0,0.0,0.0,,0.0,0.0,,0.0,,1000.0,1000.0,,1050.0,0.0,0.0,,0.0,0.0,
1984-01-01,300.0,,9400.0,12000.0,,20600.0,500.0,1500.0,,6700.0,4000.0,,0.0,,590.0,1040.0,,1770.0,0.0,0.0,,0.0,0.0,,0.0,,600.0,1070.0,,1800.0,0.0,0.0,,0.0,0.0,,0.0,,1017.0,1029.0,,1017.0,0.0,0.0,,0.0,0.0,
1985-01-01,350.0,,9600.0,12300.0,,23400.0,550.0,1700.0,,6900.0,4200.0,,0.0,,700.0,1100.0,,2200.0,0.0,0.0,,0.0,0.0,,0.0,,560.0,940.0,,1900.0,0.0,0.0,,0.0,0.0,,0.0,,800.0,855.0,,864.0,0.0,0.0,,0.0,0.0,
1986-01-01,400.0,,9000.0,12000.0,,12800.0,500.0,1600.0,,6200.0,4000.0,,0.0,,900.0,2000.0,,3600.0,0.0,0.0,,0.0,0.0,,0.0,,900.0,1800.0,,3200.0,0.0,0.0,,0.0,0.0,,0.0,,1000.0,900.0,,889.0,0.0,0.0,,0.0,0.0,
1987-01-01,,,,,,,,,,,,50000.0,,,,,,,,,,,,6000.0,,,,,,,,,,,,5400.0,,,,,,,,,,,,900.0
1988-01-01,400.0,,11000.0,10000.0,,13000.0,600.0,1000.0,,6000.0,3000.0,,0.0,,700.0,1600.0,,2700.0,0.0,0.0,,0.0,0.0,,0.0,,700.0,800.0,,2500.0,0.0,0.0,,0.0,0.0,,0.0,,1000.0,500.0,,926.0,0.0,0.0,,0.0,0.0,
1989-01-01,500.0,,12000.0,12000.0,,13500.0,700.0,1600.0,,6500.0,3200.0,,0.0,,600.0,2400.0,,3000.0,0.0,0.0,,0.0,0.0,,0.0,,500.0,2100.0,,1600.0,0.0,0.0,,0.0,0.0,,0.0,,833.0,875.0,,533.0,0.0,0.0,,0.0,0.0,
1990-01-01,300.0,,11500.0,11000.0,,13000.0,500.0,700.0,,7000.0,3000.0,,300.0,,1000.0,500.0,,0.0,0.0,200.0,,0.0,0.0,,200.0,,900.0,300.0,,0.0,0.0,100.0,,0.0,0.0,,667.0,,900.0,600.0,,0.0,0.0,500.0,,0.0,0.0,
1991-01-01,600.0,,12000.0,14000.0,,14000.0,1000.0,900.0,,8000.0,4500.0,,0.0,,100.0,600.0,,100.0,0.0,0.0,,0.0,0.0,,0.0,,80.0,550.0,,70.0,0.0,0.0,,0.0,0.0,,0.0,,800.0,917.0,,700.0,0.0,0.0,,0.0,0.0,
1992-01-01,,,,,,,,,,60000.0,,,,,,,,,,,,0.0,,,,,,,,,,,,0.0,,,,,,,,,,,,0.0,,
1993-01-01,500.0,,15000.0,18000.0,,15000.0,700.0,1800.0,,6000.0,3000.0,,0.0,,1000.0,2200.0,,1200.0,0.0,0.0,,600.0,0.0,,0.0,,600.0,2000.0,,2600.0,0.0,0.0,,800.0,0.0,,0.0,,600.0,909.0,,2167.0,0.0,0.0,,1333.0,0.0,
1994-01-01,230.0,,13400.0,8000.0,,24300.0,1350.0,2400.0,,5970.0,4350.0,,30.0,,1550.0,930.0,,2840.0,160.0,280.0,,700.0,510.0,,24.0,,1240.0,744.0,,2272.0,128.0,224.0,,560.0,408.0,,800.0,,800.0,800.0,,800.0,800.0,800.0,,800.0,800.0,
1995-01-01,90.0,,5370.0,3200.0,,9720.0,540.0,960.0,,2400.0,1725.0,,30.0,,2010.0,1200.0,,3645.0,200.0,360.0,,900.0,635.0,,15.0,,1000.0,605.0,,1830.0,100.0,180.0,,450.0,320.0,,500.0,,498.0,504.0,,502.0,500.0,500.0,,500.0,504.0,
1996-01-01,24000.0,,,,,,,,,,,,3000.0,,,,,,,,,,,,1200.0,,,,,,,,,,,,400.0,,,,,,,,,,,
1997-01-01,15000.0,,,,,,,,,,,,3200.0,,,,,,,,,,,,1600.0,,,,,,,,,,,,500.0,,,,,,,,,,,
1998-01-01,20000.0,,,,,,,,,,,,0.0,,,,,,,,,,,,0.0,,,,,,,,,,,,0.0,,,,,,,,,,,
1999-01-01,,,,,,,,,,,,34000.0,,,,,,,,,,,,6000.0,,,,,,,,,,,,6000.0,,,,,,,,,,,,1000.0
2000-01-01,,,,,,,,,,,,40000.0,,,,,,,,,,,,4000.0,,,,,,,,,,,,4000.0,,,,,,,,,,,,1000.0
2001-01-01,,,,,,,,,,,,40000.0,,,,,,,,,,,,4000.0,,,,,,,,,,,,5600.0,,,,,,,,,,,,1400.0
2002-01-01,,,,,,,,,,,,40000.0,,,,,,,,,,,,0.0,,,,,,,,,,,,0.0,,,,,,,,,,,,0.0
2003-01-01,,,,,,,,,,,,40000.0,,,,,,,,,,,,0.0,,,,,,,,,,,,0.0,,,,,,,,,,,,0.0
2004-01-01,,,,,,,,,,,,40000.0,,,,,,,,,,,,0.0,,,,,,,,,,,,0.0,,,,,,,,,,,,0.0
2005-01-01,,,,,,,,,,,,40000.0,,,,,,,,,,,,0.0,,,,,,,,,,,,0.0,,,,,,,,,,,,0.0
2006-01-01,,,,,,,,,,,,42000.0,,,,,,,,,,,,0.0,,,,,,,,,,,,0.0,,,,,,,,,,,,0.0
2007-01-01,600.0,,3000.0,3800.0,,22000.0,650.0,230.0,250.0,15000.0,2700.0,,100.0,,200.0,300.0,,2000.0,50.0,0.0,0.0,1000.0,200.0,,190.0,,340.0,510.0,,3400.0,45.0,0.0,0.0,1500.0,260.0,,1900.0,,1700.0,1700.0,,1700.0,900.0,0.0,0.0,1500.0,1300.0,
2008-01-01,550.0,,3200.0,3500.0,,20000.0,600.0,250.0,200.0,13000.0,2500.0,,70.0,,300.0,600.0,,2000.0,0.0,0.0,0.0,1000.0,300.0,,112.0,,270.0,600.0,,2200.0,0.0,0.0,0.0,900.0,300.0,,1600.0,,900.0,1000.0,,1100.0,0.0,0.0,0.0,900.0,1000.0,
2009-01-01,500.0,,2800.0,2000.0,,10000.0,350.0,200.0,100.0,7000.0,1600.0,,100.0,,0.0,0.0,,0.0,0.0,0.0,0.0,0.0,0.0,,110.0,,0.0,0.0,,0.0,0.0,0.0,0.0,0.0,0.0,,1100.0,,0.0,0.0,,0.0,0.0,0.0,0.0,0.0,0.0,
2010-01-01,500.0,,2000.0,2800.0,,10000.0,350.0,200.0,100.0,7000.0,1600.0,,100.0,,0.0,200.0,,500.0,0.0,0.0,0.0,500.0,100.0,,170.0,,0.0,180.0,,550.0,0.0,0.0,0.0,450.0,130.0,,1700.0,,0.0,900.0,,1100.0,0.0,0.0,0.0,900.0,1300.0,
2011-01-01,400.0,,2200.0,3000.0,,9500.0,500.0,300.0,120.0,7500.0,1800.0,,0.0,,0.0,0.0,,250.0,0.0,0.0,0.0,0.0,0.0,,0.0,,0.0,0.0,,350.0,0.0,0.0,0.0,0.0,0.0,,0.0,,0.0,0.0,,1400.0,0.0,0.0,0.0,0.0,0.0,
2012-01-01,300.0,,2000.0,3500.0,,10000.0,600.0,350.0,,7500.0,2200.0,,0.0,,0.0,500.0,,1000.0,0.0,0.0,,0.0,200.0,,0.0,,0.0,600.0,,1200.0,0.0,0.0,,0.0,240.0,,0.0,,0.0,1200.0,,1200.0,0.0,0.0,,0.0,1200.0,
2013-01-01,320.0,,2200.0,3600.0,,12000.0,500.0,400.0,,8000.0,2400.0,,0.0,,200.0,300.0,,1000.0,0.0,0.0,,500.0,400.0,,0.0,,220.0,330.0,,1200.0,0.0,0.0,,500.0,480.0,,0.0,,1100.0,1100.0,,1200.0,0.0,0.0,,1000.0,1200.0,
2014-01-01,,,2200.0,4000.0,,14000.0,,,,9000.0,3000.0,,,,200.0,1000.0,,2000.0,,,,500.0,300.0,,,,220.0,1100.0,,2200.0,,,,450.0,330.0,,,,1100.0,1100.0,,1100.0,,,,900.0,1100.0,
2015-01-01,250.0,,3000.0,4500.0,,25000.0,200.0,250.0,,30000.0,3200.0,,250.0,,500.0,500.0,,1000.0,0.0,0.0,,1000.0,300.0,,730.0,,1100.0,1200.0,,1900.0,0.0,0.0,,1700.0,540.0,,2920.0,,2200.0,2400.0,,1900.0,0.0,0.0,,1700.0,1800.0,
2016-01-01,,,,,,,,,,,,,,,,,,,,,,,,,,,,,,,,,,,,,,,,,,,,,,,,
2017-01-01,200.0,,3000.0,4000.0,,33000.0,200.0,350.0,,30000.0,,,50.0,,200.0,500.0,,2000.0,0.0,0.0,,1000.0,,,120.0,,300.0,900.0,,3600.0,0.0,0.0,,1800.0,,,2400.0,,1500.0,1800.0,,1800.0,0.0,0.0,,1800.0,,
2018-01-01,200.0,,3500.0,3800.0,,30000.0,200.0,400.0,,33000.0,3500.0,,0.0,,200.0,500.0,,1500.0,0.0,0.0,,6000.0,300.0,,0.0,,280.0,700.0,,1950.0,0.0,0.0,,7800.0,360.0,,0.0,,1400.0,1400.0,,1300.0,0.0,0.0,,1300.0,1200.0,
2019-01-01,100.0,,3600.0,4000.0,,85000.0,200.0,400.0,,38500.0,3500.0,,50.0,,0.0,400.0,,4000.0,0.0,0.0,,5500.0,0.0,,105.0,,0.0,560.0,,4800.0,0.0,0.0,,6600.0,0.0,,2100.0,,0.0,1400.0,,1200.0,0.0,0.0,,1200.0,0.0,
2020-01-01,,,3000.0,2800.0,,40000.0,200.0,400.0,,20000.0,3000.0,,,,100.0,300.0,,1000.0,50.0,0.0,,1800.0,200.0,,,,80.0,240.0,,800.0,75.0,0.0,,1620.0,180.0,,,,800.0,800.0,,800.0,1500.0,0.0,,900.0,900.0,
2021-01-01,100.0,,3000.0,2800.0,,30000.0,200.0,400.0,,20000.0,3200.0,,100.0,,300.0,400.0,,3500.0,50.0,0.0,,6500.0,200.0,,200.0,,360.0,560.0,,4900.0,125.0,0.0,,7800.0,280.0,,2000.0,,1200.0,1400.0,,1400.0,2500.0,0.0,,1200.0,1400.0,
2022-01-01,150.0,,2800.0,3000.0,,60300.0,200.0,450.0,,25400.0,3500.0,,60.0,,200.0,200.0,,300.0,0.0,0.0,,400.0,200.0,,132.0,,200.0,220.0,,330.0,0.0,0.0,,440.0,180.0,,2200.0,,1000.0,1100.0,,1100.0,0.0,0.0,,1100.0,900.0,
2023-01-01,150.0,,2800.0,3000.0,,65000.0,200.0,450.0,,35400.0,3500.0,,50.0,,200.0,1000.0,,1500.0,50.0,0.0,,1000.0,300.0,,95.0,,160.0,900.0,,1200.0,85.0,0.0,,700.0,210.0,,1900.0,,800.0,900.0,,800.0,1700.0,0.0,,700.0,700.0,
2024-01-01,150.0,,2800.0,6000.0,,98000.0,200.0,450.0,,39000.0,3500.0,,0.0,,300.0,800.0,,3000.0,0.0,0.0,,2000.0,400.0,,0.0,,270.0,720.0,,2400.0,0.0,0.0,,1400.0,280.0,,0.0,,900.0,900.0,,800.0,0.0,0.0,,700.0,700.0,
